product_id,name,description,price,quantity,model,image,seo_url
54,✨Купель для бани композитная «Кваттро» с электро подогревом,"&lt;p&gt;&lt;strong&gt;Купель с электро подогревом Плазар&lt;/strong&gt; — удобное решение для бани, сауны, дачи и загородного дома. Электрический нагрев позволяет быстро и комфортно подготовить воду для отдыха без дров, дыма и золы. Купели для бани с подогревом подходят для установки на участке, возле парной, на террасе или в зоне отдыха.&lt;/p&gt;

&lt;h3&gt;Основные характеристики и комплектация данной модели&lt;/h3&gt;

&lt;ul&gt;
	&lt;li&gt;&lt;strong&gt;Тип:&lt;/strong&gt;&amp;nbsp;композитная купель квадратная&lt;/li&gt;
	&lt;li&gt;&lt;strong&gt;Каркас:&lt;/strong&gt;&amp;nbsp;усиленный металлический&lt;/li&gt;
	&lt;li&gt;&lt;strong&gt;Слив:&lt;/strong&gt;&amp;nbsp;донный, с удобным обслуживанием&lt;/li&gt;
	&lt;li&gt;&lt;strong&gt;Внешний размер:&lt;/strong&gt;&amp;nbsp;2000 × 2000 × 1100 мм&lt;/li&gt;
	&lt;li&gt;&lt;strong&gt;Внутренний размер:&lt;/strong&gt;&amp;nbsp;1800 × 1800 × 980 мм&lt;/li&gt;
	&lt;li&gt;&lt;strong&gt;Назначение:&lt;/strong&gt;&amp;nbsp;баня, сауна, SPA, частный и коммерческий сектор&lt;/li&gt;
	&lt;li&gt;&lt;strong&gt;Объем воды&lt;/strong&gt;:&amp;nbsp;1400-1500л&lt;/li&gt;
	&lt;li&gt;&lt;strong&gt;Электро подогрев:&lt;/strong&gt;&amp;nbsp;6кВт&lt;/li&gt;
	&lt;li&gt;&lt;strong&gt;Обшивка лиственница&lt;/strong&gt;:&amp;nbsp;&amp;nbsp;прослужит долго&lt;/li&gt;
	&lt;li&gt;Цвет чаши на выбор (RAL: 9003 (белая), 6027 &lt;span style=&quot;color:#33ffcc;&quot;&gt;(бирюзовая)&lt;/span&gt;, 5012 (&lt;span style=&quot;color:#2980b9;&quot;&gt;синяя&lt;/span&gt;), 7040 (&lt;span style=&quot;color:#95a5a6;&quot;&gt;светло-серая&lt;/span&gt;), 7024 (&lt;span style=&quot;color:#2c3e50;&quot;&gt;темно-серая&lt;/span&gt;))&lt;/li&gt;
&lt;/ul&gt;

&lt;p&gt;&lt;strong&gt;Композитная чаша&lt;/strong&gt; устойчива к перепадам температур, ультрафиолету и влаге, не требует сложного ухода и сохраняет эстетичный внешний вид на протяжении многих лет.&lt;/p&gt;

&lt;h3&gt;Преимущества купели для бани «Кваттро»&amp;nbsp;с электро подогревом&lt;/h3&gt;

&lt;ul&gt;
	&lt;li&gt;высокая прочность и долговечность композитного материала&lt;/li&gt;
	&lt;li&gt;надежный металлический каркас&lt;/li&gt;
	&lt;li&gt;удобный донный слив&lt;/li&gt;
	&lt;li&gt;установлен&amp;nbsp;электро подогрев на выбор:&amp;nbsp;3, 6, 9, 12, 15&amp;nbsp;кВт&lt;/li&gt;
	&lt;li&gt;широкий набор дополнительных опций и комплектаций&lt;/li&gt;
&lt;/ul&gt;

&lt;h4&gt;Дополнительные опции и комплектация&lt;/h4&gt;

&lt;p&gt;Вы можете индивидуально укомплектовать купель под свои задачи:&lt;/p&gt;

&lt;p&gt;&lt;strong&gt;Комфорт и SPA‑функции&lt;/strong&gt;&lt;/p&gt;

&lt;ul&gt;
	&lt;li&gt;Гидромассаж&lt;/li&gt;
	&lt;li&gt;Аэро массаж&lt;/li&gt;
	&lt;li&gt;Подсветка «Звёздный дождь»&lt;/li&gt;
	&lt;li&gt;Термо крышка из эко кожи&lt;/li&gt;
	&lt;li&gt;Подъемный механизм для термо крышки&lt;/li&gt;
	&lt;li&gt;Широкий выбор цвета чаши&lt;/li&gt;
	&lt;li&gt;Хромотерапия (2 светодиодные лампы)&lt;/li&gt;
&lt;/ul&gt;

&lt;p&gt;&lt;strong&gt;Нагрев воды&lt;/strong&gt;&lt;/p&gt;

&lt;ul&gt;
	&lt;li&gt;Комплект электро нагрева на выбор: 6 / 9 / 12 / 15 кВт&lt;/li&gt;
&lt;/ul&gt;

&lt;p&gt;&lt;strong&gt;Аксессуары&lt;/strong&gt;&lt;/p&gt;

&lt;ul&gt;
	&lt;li&gt;Лестница деревянная с поручнями (3 ступени)&lt;/li&gt;
	&lt;li&gt;Лестница деревянная с поручнями (2 ступени)&lt;/li&gt;
	&lt;li&gt;Электронный термометр&lt;/li&gt;
	&lt;li&gt;Деревянный подстаканник&lt;/li&gt;
	&lt;li&gt;Защитный тент‑чехол&lt;/li&gt;
&lt;/ul&gt;

&lt;h3&gt;Где используется&lt;/h3&gt;

&lt;ul&gt;
	&lt;li&gt;частные бани и сауны&lt;/li&gt;
	&lt;li&gt;загородные дома и дачи&lt;/li&gt;
	&lt;li&gt;SPA‑комплексы и базы отдыха&lt;/li&gt;
	&lt;li&gt;коммерческие банные комплексы&lt;/li&gt;
&lt;/ul&gt;

&lt;h3&gt;Почему стоит купить купель «Кваттро»&lt;/h3&gt;

&lt;p&gt;В такой купели можно:&lt;/p&gt;

&lt;ul&gt;
	&lt;li&gt;расслабиться после бани или сауны;&lt;/li&gt;
	&lt;li&gt;принимать тёплые водные процедуры на свежем воздухе;&lt;/li&gt;
	&lt;li&gt;использовать купель в межсезонье;&lt;/li&gt;
	&lt;li&gt;комфортно отдыхать с семьёй и друзьями;&lt;/li&gt;
	&lt;li&gt;поддерживать нужную температуру воды без дровяной печи;&lt;/li&gt;
	&lt;li&gt;установить купель на участке, возле дома или банного комплекса.&lt;/li&gt;
&lt;/ul&gt;

&lt;p&gt;&lt;strong&gt;Электрический подогрев&lt;/strong&gt; особенно удобен там, где важны простота, чистота и предсказуемость. Достаточно подключить оборудование к электросети, задать нужный режим и дождаться нагрева воды.&lt;/p&gt;

&lt;p&gt;Закажите купель Плазар напрямую у производителя с доставкой по всей России.&lt;/p&gt;",326000.0,20,Кваттро 4-6 чел. 2м. встр. печь,catalog/electro-podogrev/kupeli-s-podogrevom-0156.webp,kupel-dlya-bani-kompozitnaya-kvattro-so-vstroennoj-pechjyu-35kvt
55,Купель для бани композитная Турно с печью на 4–6 человек,"&lt;p&gt;&lt;strong&gt;Погрузитесь в мир настоящего релакса с композитной купелью для бани «Турно» от производителя Плазар (Plazar).&lt;/strong&gt;&lt;/p&gt;

&lt;p&gt;Это идеальное решение для тех, кто ценит банные традиции и современный комфорт. Купель рассчитана на компанию&amp;nbsp;&lt;strong&gt;от 4 до 6 человек&lt;/strong&gt;, что делает её прекрасным выбором для загородного дома, дачи или зоны отдыха при бане. Прочная композитная чаша на надежном металлическом каркасе сохраняет температуру воды и устойчива к перепадам температур, позволяя принимать как холодные, так и теплые водные процедуры круглый год.&lt;/p&gt;

&lt;p&gt;В комплект купели для бани входит мощная&amp;nbsp;&lt;strong&gt;внешняя печь из нержавеющей стали (45 кВт)&lt;/strong&gt;&amp;nbsp;с дымоходом, которая позволит быстро нагреть воду до комфортной температуры, создавая атмосферу уютной деревенской бани под открытым небом.&lt;/p&gt;

&lt;p&gt;&lt;strong&gt;Премиальные функции для вашего комфорта:&lt;/strong&gt;&lt;br /&gt;
Модель «Турно» может быть дооснащена современными системами для спа-процедур:&lt;/p&gt;

&lt;ul&gt;
	&lt;li&gt;
	&lt;p&gt;&lt;strong&gt;Гидро- и аэромассаж:&lt;/strong&gt;&amp;nbsp;10 форсунок и 12 джетов подарят незабываемый расслабляющий массаж, снимая усталость после трудного дня.&lt;/p&gt;
	&lt;/li&gt;
	&lt;li&gt;
	&lt;p&gt;&lt;strong&gt;Хромотерапия и подсветка:&lt;/strong&gt;&amp;nbsp;Встроенные светодиодные лампы и эффектная подсветка «Звёздный дождь» создадут волшебную атмосферу для вечерних водных процедур.&lt;/p&gt;
	&lt;/li&gt;
&lt;/ul&gt;

&lt;p&gt;&lt;strong&gt;В базовую комплектацию входит:&lt;/strong&gt;&lt;/p&gt;

&lt;ul&gt;
	&lt;li&gt;
	&lt;p&gt;Композитная чаша (наружный: 2000х880 мм, внутренний: 1800х820 мм) с глухими полками для сидения.&lt;/p&gt;
	&lt;/li&gt;
	&lt;li&gt;
	&lt;p&gt;Донный слив с шаровым краном 50 мм.&lt;/p&gt;
	&lt;/li&gt;
	&lt;li&gt;
	&lt;p&gt;Обшивка из лиственницы с защитной пропиткой и утеплением.&lt;/p&gt;
	&lt;/li&gt;
	&lt;li&gt;
	&lt;p&gt;Внешняя печь 45 кВт (дымоход 2м, патрубки, колпак).&lt;/p&gt;
	&lt;/li&gt;
&lt;/ul&gt;

&lt;p&gt;Сделайте свой отдых по-настоящему роскошным с купелью «Турно»!&lt;/p&gt;

&lt;hr /&gt;
&lt;h3&gt;Характеристики&lt;/h3&gt;

&lt;table&gt;
	&lt;thead&gt;
		&lt;tr&gt;
			&lt;th&gt;Параметр&lt;/th&gt;
			&lt;th&gt;Значение&lt;/th&gt;
		&lt;/tr&gt;
	&lt;/thead&gt;
	&lt;tbody&gt;
		&lt;tr&gt;
			&lt;td&gt;&lt;strong&gt;Общие характеристики&lt;/strong&gt;&lt;/td&gt;
			&lt;td&gt;&amp;nbsp;&lt;/td&gt;
		&lt;/tr&gt;
		&lt;tr&gt;
			&lt;td&gt;Производитель&lt;/td&gt;
			&lt;td&gt;Плазар (Plazar)&lt;/td&gt;
		&lt;/tr&gt;
		&lt;tr&gt;
			&lt;td&gt;Тип&lt;/td&gt;
			&lt;td&gt;Композитная купель&lt;/td&gt;
		&lt;/tr&gt;
		&lt;tr&gt;
			&lt;td&gt;Форма&lt;/td&gt;
			&lt;td&gt;Круглая&lt;/td&gt;
		&lt;/tr&gt;
		&lt;tr&gt;
			&lt;td&gt;Вместимость&lt;/td&gt;
			&lt;td&gt;4-6 человек&lt;/td&gt;
		&lt;/tr&gt;
		&lt;tr&gt;
			&lt;td&gt;Назначение&lt;/td&gt;
			&lt;td&gt;Для бани, сауны, спа, зоны отдыха&lt;/td&gt;
		&lt;/tr&gt;
		&lt;tr&gt;
			&lt;td&gt;Применение&lt;/td&gt;
			&lt;td&gt;Холодные и теплые водные процедуры&lt;/td&gt;
		&lt;/tr&gt;
		&lt;tr&gt;
			&lt;td colspan=&quot;2&quot;&gt;&lt;strong&gt;Габариты и вес&lt;/strong&gt;&lt;/td&gt;
		&lt;/tr&gt;
		&lt;tr&gt;
			&lt;td&gt;Наружный размер (Высота х Диаметр)&lt;/td&gt;
			&lt;td&gt;880 х 2000 мм&lt;/td&gt;
		&lt;/tr&gt;
		&lt;tr&gt;
			&lt;td&gt;Внутренний размер (Высота х Диаметр)&lt;/td&gt;
			&lt;td&gt;820 х 1800 мм&lt;/td&gt;
		&lt;/tr&gt;
		&lt;tr&gt;
			&lt;td&gt;Объем чаши&lt;/td&gt;
			&lt;td&gt;1,3&amp;nbsp;м³&lt;/td&gt;
		&lt;/tr&gt;
		&lt;tr&gt;
			&lt;td&gt;Вес&lt;/td&gt;
			&lt;td&gt;150 кг&lt;/td&gt;
		&lt;/tr&gt;
		&lt;tr&gt;
			&lt;td colspan=&quot;2&quot;&gt;&lt;strong&gt;Материалы и конструкция&lt;/strong&gt;&lt;/td&gt;
		&lt;/tr&gt;
		&lt;tr&gt;
			&lt;td&gt;Материал чаши&lt;/td&gt;
			&lt;td&gt;Композитные материалы&lt;/td&gt;
		&lt;/tr&gt;
		&lt;tr&gt;
			&lt;td&gt;Каркас&lt;/td&gt;
			&lt;td&gt;Металлический&lt;/td&gt;
		&lt;/tr&gt;
		&lt;tr&gt;
			&lt;td&gt;Обшивка&lt;/td&gt;
			&lt;td&gt;Лиственница с пропиткой, прослужит долго.&lt;/td&gt;
		&lt;/tr&gt;
		&lt;tr&gt;
			&lt;td&gt;Полки&lt;/td&gt;
			&lt;td&gt;Глухие полки для сидения по кругу&lt;/td&gt;
		&lt;/tr&gt;
		&lt;tr&gt;
			&lt;td colspan=&quot;2&quot;&gt;&lt;strong&gt;Комплектация базовой модели&lt;/strong&gt;&lt;/td&gt;
		&lt;/tr&gt;
		&lt;tr&gt;
			&lt;td&gt;Тип печи в комплекте&lt;/td&gt;
			&lt;td&gt;Внешняя, на дровах (нержавеющая сталь)&lt;/td&gt;
		&lt;/tr&gt;
		&lt;tr&gt;
			&lt;td&gt;Мощность печи&lt;/td&gt;
			&lt;td&gt;45 кВт&lt;/td&gt;
		&lt;/tr&gt;
		&lt;tr&gt;
			&lt;td&gt;Комплект печи&lt;/td&gt;
			&lt;td&gt;Дымоход, токарные выпуски, патрубки, колпак&lt;/td&gt;
		&lt;/tr&gt;
		&lt;tr&gt;
			&lt;td&gt;Слив&lt;/td&gt;
			&lt;td&gt;Донный слив с краном 50 мм ПВХ шаровой&lt;/td&gt;
		&lt;/tr&gt;
		&lt;tr&gt;
			&lt;td&gt;Крышка&lt;/td&gt;
			&lt;td&gt;Термо-крышка 80 мм (эко-кожа)&lt;/td&gt;
		&lt;/tr&gt;
		&lt;tr&gt;
			&lt;td&gt;Лестница&lt;/td&gt;
			&lt;td&gt;Приставная деревянная 2 ступени 600х600х600мм&lt;/td&gt;
		&lt;/tr&gt;
		&lt;tr&gt;
			&lt;td colspan=&quot;2&quot;&gt;&lt;strong&gt;Дополнительно можно укомплектовать&lt;/strong&gt;&lt;/td&gt;
		&lt;/tr&gt;
		&lt;tr&gt;
			&lt;td&gt;Гидромассаж&lt;/td&gt;
			&lt;td&gt;10 форсунок&lt;/td&gt;
		&lt;/tr&gt;
		&lt;tr&gt;
			&lt;td&gt;Аэро массаж&lt;/td&gt;
			&lt;td&gt;12 джетов&lt;/td&gt;
		&lt;/tr&gt;
		&lt;tr&gt;
			&lt;td&gt;Подсветка&lt;/td&gt;
			&lt;td&gt;Хромо-терапия (2 лампы), «Звёздный дождь»&lt;/td&gt;
		&lt;/tr&gt;
		&lt;tr&gt;
			&lt;td&gt;Варианты нагрева (на выбор)&lt;/td&gt;
			&lt;td&gt;Внешняя печь 25/45/70 кВт; Электронагрев 6/9/12/15 кВт&lt;/td&gt;
		&lt;/tr&gt;
		&lt;tr&gt;
			&lt;td&gt;Аксессуары (на выбор)&lt;/td&gt;
			&lt;td&gt;Лестница с поручнями, термометр, подстаканник, защитный тент-чехол&lt;/td&gt;
		&lt;/tr&gt;
	&lt;/tbody&gt;
&lt;/table&gt;

&lt;h3&gt;&lt;strong&gt;Варианты комплектации на ваше усмотрение&lt;/strong&gt;&lt;/h3&gt;

&lt;p&gt;&lt;em&gt;Выберите подходящий способ нагрева и дополнительные аксессуары для вашей купели:&lt;/em&gt;&lt;/p&gt;

&lt;ul&gt;
	&lt;li&gt;
	&lt;p&gt;Нагрев воды: Внешняя печь (25, 45 или 70 кВт) / Электронагрев (6-15 кВт).&lt;/p&gt;
	&lt;/li&gt;
	&lt;li&gt;
	&lt;p&gt;Лестница деревянная с поручнями (3 ступени).&lt;/p&gt;
	&lt;/li&gt;
	&lt;li&gt;
	&lt;p&gt;Электронный&amp;nbsp;термометр.&lt;/p&gt;
	&lt;/li&gt;
	&lt;li&gt;
	&lt;p&gt;Приставная деревянная лесенка на 3 ступени с&amp;nbsp;поручнями 580х800х900/1500мм&lt;/p&gt;
	&lt;/li&gt;
	&lt;li&gt;
	&lt;p&gt;Защитный тент-чехол (диаметр 2000 мм).&lt;/p&gt;
	&lt;/li&gt;
	&lt;li&gt;
	&lt;p&gt;Термо-крышка толщиной 80 мм (эко-кожа) для сохранения тепла.&lt;/p&gt;
	&lt;/li&gt;
&lt;/ul&gt;",286000.0,20,Турно 4-6 чел. 2м. наруж. печь,catalog/kupel-turno/kupeli-s-podogrevom-0127.webp,kupel-dlya-bani-turno-s-pechjyu-na-46-chelovek
56,Купель для бани с печью на 4–6 человек Plazar,"&lt;p&gt;&lt;strong&gt;&lt;span style=&quot;color:#c0392b;&quot;&gt;Круглая купель для бани Plazar&lt;/span&gt;&lt;/strong&gt; — идеальное решение для комфортного отдыха в бане, сауне или SPA. Подходит как для частного использования, так и для коммерческих объектов. Просторная чаша рассчитана на одновременное размещение 4–6 человек, а мощная встроенная печь обеспечивает быстрый нагрев воды для максимального комфорта в любое время года.&lt;/p&gt;

&lt;p&gt;Купель подходит для холодных и теплых водных процедур, помогая укрепить иммунитет, улучшить кровообращение и получить полноценное расслабление после парной.&lt;/p&gt;

&lt;hr /&gt;
&lt;h3&gt;✅ &lt;span style=&quot;color:#c0392b;&quot;&gt;Преимущества&lt;/span&gt;&lt;/h3&gt;

&lt;ul&gt;
	&lt;li&gt;Вместимость 4 - 6 человек&lt;/li&gt;
	&lt;li&gt;Встроенная (интегрированная) печь 35 кВт — быстрый и равномерный нагрев воды&lt;/li&gt;
	&lt;li&gt;Прочный и долговечный полипропилен высокого качества, проверен временем и уличными условиями.&amp;nbsp;&lt;/li&gt;
	&lt;li&gt;Устойчива к влаге, перепадам температур и ультрафиолету.&lt;/li&gt;
	&lt;li&gt;Подходит для частного и коммерческого использования.&lt;/li&gt;
&lt;/ul&gt;

&lt;hr /&gt;
&lt;h3&gt;📋 &lt;span style=&quot;color:#c0392b;&quot;&gt;Характеристики и комплектация модели&lt;/span&gt;&lt;/h3&gt;

&lt;ul&gt;
	&lt;li&gt;&lt;strong&gt;Бренд:&lt;/strong&gt;&amp;nbsp;Плазар (Plazar)&lt;/li&gt;
	&lt;li&gt;&lt;strong&gt;Тип:&lt;/strong&gt;&amp;nbsp;чаша из полипропилена&lt;/li&gt;
	&lt;li&gt;&lt;strong&gt;Материал:&lt;/strong&gt;&amp;nbsp;пластик, полипропилен&lt;/li&gt;
	&lt;li&gt;&lt;strong&gt;Форма:&lt;/strong&gt;&amp;nbsp;круглая&lt;/li&gt;
	&lt;li&gt;&lt;strong&gt;Размеры (В × Д):&lt;/strong&gt;&amp;nbsp;1250 × 2000 мм&lt;/li&gt;
	&lt;li&gt;&lt;strong&gt;Вместимость:&lt;/strong&gt;&amp;nbsp;4–6 человек&lt;/li&gt;
	&lt;li&gt;&lt;strong&gt;Назначение:&lt;/strong&gt;&amp;nbsp;баня, сауна, SPA, частный и коммерческий сектор&lt;/li&gt;
	&lt;li&gt;&lt;strong&gt;Применение:&lt;/strong&gt;&amp;nbsp;холодные и теплые водные процедуры&lt;/li&gt;
	&lt;li&gt;&lt;span style=&quot;color:#9b59b6;&quot;&gt;&lt;strong&gt;Печь:&lt;/strong&gt;&amp;nbsp;встраиваемая Libespa, 35 кВт&lt;/span&gt;&lt;/li&gt;
&lt;/ul&gt;

&lt;hr /&gt;
&lt;h3&gt;Создайте атмосферу настоящего SPA прямо у себя дома или на базе отдыха с &lt;strong&gt;купелью для бани&lt;/strong&gt; Плазар (Plazar) — комфорт, надежность и эстетика в одном решении.&lt;/h3&gt;

&lt;hr /&gt;
&lt;h4&gt;&lt;span style=&quot;color:#4e5f70;&quot;&gt;Дополнительная инфомация:&lt;/span&gt;&lt;/h4&gt;

&lt;p&gt;Основание для купели должно быть ровное и жесткое - бетонная стяжка, или тротуарная плитка, или утрамбованный щебень мелкой фракции 5-20 например (снять плодородный слой почвы и утрамбовать), деревянный настил (толщина доски не менее 4 см, и расстояние между лагами желательно 30-40см)&lt;/p&gt;

&lt;p&gt;&lt;span style=&quot;color:#c0392b;&quot;&gt;&lt;strong&gt;Гарантийный срок составляет 36 месяцев&lt;/strong&gt;&lt;/span&gt; на герметичность пластиковой чаши, 36 месяцев на дровяную печь для частного использования и 12 месяцев для коммерческого использования, на остальные комплектующие 12 месяцев со дня передачи &quot; Продукции&quot; Заказчику .&lt;/p&gt;",318000.0,20,Форто 4-6 чел. 2м. встр. печь,catalog/kupel-forto/kupel-dlya-bani-plastik-forto-5.webp,kupel-dlya-bani-s-pechjyu-na-46-chelovek-plazar
57,Холодная купель для бани Plazar на 4–6 человек,"&lt;p&gt;Какая русская баня без холодной купели? Модель&amp;nbsp;&lt;strong&gt;Plazar&lt;/strong&gt;&amp;nbsp;создана специально для тех, кто любит&amp;nbsp;&lt;strong&gt;контрастные процедуры&lt;/strong&gt;&amp;nbsp;и хочет получить максимум пользы и драйва от отдыха.&lt;/p&gt;

&lt;p&gt;❄️&amp;nbsp;&lt;strong&gt;Ледяная свежесть:&lt;/strong&gt;&lt;br /&gt;
Это&amp;nbsp;&lt;strong&gt;холодная купель&lt;/strong&gt;&amp;nbsp;(без печки), предназначенная для заполнения ледяной или прохладной водой. Окунание после жара — это мощнейший заряд бодрости, укрепление иммунитета и незабываемые ощущения.&lt;/p&gt;

&lt;p&gt;&lt;strong&gt;Характеристики:&lt;/strong&gt;&lt;/p&gt;

&lt;ul&gt;
	&lt;li&gt;
	&lt;p&gt;&lt;strong&gt;Модель:&lt;/strong&gt;&amp;nbsp;Plazar.&lt;/p&gt;
	&lt;/li&gt;
	&lt;li&gt;
	&lt;p&gt;&lt;strong&gt;Материал:&lt;/strong&gt;&amp;nbsp;Высококачественный пищевой полипропилен (ППУ). Безопасен, гигиеничен, устойчив к перепадам температур и ультрафиолету.&lt;/p&gt;
	&lt;/li&gt;
	&lt;li&gt;
	&lt;p&gt;&lt;strong&gt;Вместимость:&lt;/strong&gt;&amp;nbsp;Рассчитана на 4–6 человек. (диаметр 2м.)&lt;/p&gt;
	&lt;/li&gt;
	&lt;li&gt;
	&lt;p&gt;&lt;strong&gt;Назначение:&lt;/strong&gt;&amp;nbsp;для холодной воды (купель охлаждения). Без печки.&lt;/p&gt;
	&lt;/li&gt;
	&lt;li&gt;
	&lt;p&gt;&lt;strong&gt;Преимущества:&lt;/strong&gt;&lt;/p&gt;

	&lt;ul&gt;
		&lt;li&gt;
		&lt;p&gt;Легкая и мобильная — можно переносить и устанавливать в любом месте.&lt;/p&gt;
		&lt;/li&gt;
		&lt;li&gt;
		&lt;p&gt;Не требует сложного ухода, легко моется.&lt;/p&gt;
		&lt;/li&gt;
		&lt;li&gt;
		&lt;p&gt;Сохраняет температуру воды благодаря свойствам материала.&lt;/p&gt;
		&lt;/li&gt;
	&lt;/ul&gt;
	&lt;/li&gt;
&lt;/ul&gt;

&lt;p&gt;&lt;strong&gt;Дополнительные опции:&lt;/strong&gt;&lt;/p&gt;

&lt;p&gt;Обшивка лиственница с утеплением&lt;/p&gt;

&lt;p&gt;Термометр электрический&lt;/p&gt;

&lt;p&gt;Подстаканник деревянный&lt;/p&gt;

&lt;p&gt;Защитный тент-чехол высота 1100мм&lt;/p&gt;

&lt;p&gt;&amp;nbsp;&lt;/p&gt;

&lt;p&gt;Идеально дополнит вашу баню или зону отдыха, создавая эффект «русского омута» или проруби.&lt;/p&gt;

&lt;h4&gt;Холодная купель для бани — лучший способ завершить банные процедуры и зарядиться энергией!&lt;/h4&gt;",112000.0,20,ППР 4-6 чел. 2м.,catalog/PPR/kupel-dlya-bani-plastik-38.webp,holodnaya-kupel-dlya-bani-plazar-na-4-6-chelovek
58,Купель для бани на металлическом каркасе,"&lt;h4&gt;Ищете просторную купель для большой компании? Эта модель точно подойдёт!&lt;/h4&gt;

&lt;p&gt;&lt;strong&gt;Купель для бани Plazar &quot;Турно&quot; 1,8 м на 6 человек. Универсальная база под любой нагреватель.&lt;/strong&gt;&lt;/p&gt;

&lt;p&gt;&lt;strong&gt;Характеристики:&lt;/strong&gt;&lt;/p&gt;

&lt;p&gt;✅&amp;nbsp;&lt;strong&gt;Размеры:&lt;/strong&gt;&lt;/p&gt;

&lt;ul&gt;
	&lt;li&gt;
	&lt;p&gt;Внешние: 2000х2000х880 мм.&lt;/p&gt;
	&lt;/li&gt;
	&lt;li&gt;
	&lt;p&gt;Внутренние: 1800х1800х820 мм.&lt;/p&gt;
	&lt;/li&gt;
	&lt;li&gt;
	&lt;p&gt;Комфортные глухие полки для сидения по кругу.&lt;/p&gt;
	&lt;/li&gt;
	&lt;li&gt;
	&lt;p&gt;Вес 80кг&lt;/p&gt;
	&lt;/li&gt;
	&lt;li&gt;
	&lt;p&gt;Объем 1200л&lt;/p&gt;
	&lt;/li&gt;
&lt;/ul&gt;

&lt;p&gt;✅&amp;nbsp;&lt;strong&gt;Материалы и оснащение:&lt;/strong&gt;&lt;/p&gt;

&lt;ul&gt;
	&lt;li&gt;
	&lt;p&gt;Прочная композитная чаша.&lt;/p&gt;
	&lt;/li&gt;
	&lt;li&gt;
	&lt;p&gt;Надёжный металлический каркас (чаша устанавливается на него).&lt;/p&gt;
	&lt;/li&gt;
	&lt;li&gt;
	&lt;p&gt;Организован донный слив с краном для удобства слива воды.&lt;/p&gt;
	&lt;/li&gt;
&lt;/ul&gt;

&lt;p&gt;&lt;strong&gt;🎨 Цвет на ваш выбор:&lt;/strong&gt;&lt;br /&gt;
В наличии и под заказ доступны популярные цвета RAL:&lt;/p&gt;

&lt;ul&gt;
	&lt;li&gt;
	&lt;p&gt;9003 (белый)&lt;/p&gt;
	&lt;/li&gt;
	&lt;li&gt;
	&lt;p&gt;6027 (бирюзовый)&lt;/p&gt;
	&lt;/li&gt;
	&lt;li&gt;
	&lt;p&gt;5012 (синий)&lt;/p&gt;
	&lt;/li&gt;
	&lt;li&gt;
	&lt;p&gt;7040 (светло-серый)&lt;/p&gt;
	&lt;/li&gt;
	&lt;li&gt;
	&lt;p&gt;7024 (темно-серый, графит)&lt;/p&gt;
	&lt;/li&gt;
&lt;/ul&gt;

&lt;p&gt;Цена&amp;nbsp;&lt;strong&gt;135 000 рублей&lt;/strong&gt;&amp;nbsp;(за чашу с каркасом).&lt;/p&gt;

&lt;p&gt;Печь, крышка и лестница приобретаются отдельно (можем подобрать и предложить при необходимости).&lt;/p&gt;

&lt;p&gt;📦 При необходимости поможем с расчётом доставки до вашего адреса.&lt;/p&gt;

&lt;p&gt;📞 Звоните, пишите — консультируем по всем вопросам!&lt;/p&gt;",135000.0,20,Купель на метал каркасе Турно,catalog/image-kupeli/kupeli-kompozit-021_800px.webp,kupel-dlya-bani-na-metallicheskom-karkase
59,Купель уличная 200х115 см под ключ с печью,"&lt;h2&gt;Продается готовая к установке уличная купель. Полный комплект &quot;Под ключ&quot;!&lt;/h2&gt;

&lt;p&gt;Чаша уже утеплена и обшита, останется только установить на подготовленное основание.&lt;/p&gt;

&lt;p&gt;🔥&amp;nbsp;&lt;strong&gt;БОНУС:&lt;/strong&gt;&amp;nbsp;При покупке всего комплекта за наличный расчет предоставляется скидка —&amp;nbsp;&lt;strong&gt;итоговая стоимость 315 400 рублей&lt;/strong&gt;&amp;nbsp;(вместо 332 000).&lt;/p&gt;

&lt;h3&gt;✅ ЧТО ВХОДИТ В КОМПЛЕКТ:&lt;/h3&gt;

&lt;ol start=&quot;1&quot;&gt;
	&lt;li&gt;
	&lt;p&gt;&lt;strong&gt;Чаша полипропиленовая:&lt;/strong&gt;&lt;/p&gt;

	&lt;ul&gt;
		&lt;li&gt;
		&lt;p&gt;Размер: внешний 2200х1250 мм, внутренний 2000х1150 мм (глубина 1150 мм? Уточните у автора).&lt;/p&gt;
		&lt;/li&gt;
		&lt;li&gt;
		&lt;p&gt;Рассчитана на 6-8 человек.&lt;/p&gt;
		&lt;/li&gt;
		&lt;li&gt;
		&lt;p&gt;Утепленное дно + донный слив для легкого слива воды.&lt;/p&gt;
		&lt;/li&gt;
	&lt;/ul&gt;
	&lt;/li&gt;
	&lt;li&gt;
	&lt;p&gt;&lt;strong&gt;Отделка и защита:&lt;/strong&gt;&lt;/p&gt;

	&lt;ul&gt;
		&lt;li&gt;
		&lt;p&gt;Обшивка лиственницей (цвет &quot;орех/палисандр&quot;) с утеплением — благородный внешний вид.&lt;/p&gt;
		&lt;/li&gt;
		&lt;li&gt;
		&lt;p&gt;Термо-крышка из эко-кожи (цвет серая/коричневая на выбор) для сохранения тепла.&lt;/p&gt;
		&lt;/li&gt;
	&lt;/ul&gt;
	&lt;/li&gt;
	&lt;li&gt;
	&lt;p&gt;&lt;strong&gt;Обогрев:&lt;/strong&gt;&lt;/p&gt;

	&lt;ul&gt;
		&lt;li&gt;
		&lt;p&gt;Внешняя печь 45 кВт из нержавеющей стали (бренд Libespa). Мощная и долговечная.&lt;/p&gt;
		&lt;/li&gt;
	&lt;/ul&gt;
	&lt;/li&gt;
&lt;/ol&gt;

&lt;h3&gt;➕ ДОПОЛНИТЕЛЬНОЕ ОБОРУДОВАНИЕ (можно добавить в комплект):&lt;/h3&gt;

&lt;p&gt;Чтобы сделать купель еще комфортнее, вы можете приобрести дополнительные опции (цены указаны):&lt;/p&gt;

&lt;ul&gt;
	&lt;li&gt;
	&lt;p&gt;&lt;strong&gt;Подъемный механизм&lt;/strong&gt;&amp;nbsp;для крышки (41 000 ₽) — облегчит открывание.&lt;/p&gt;
	&lt;/li&gt;
	&lt;li&gt;
	&lt;p&gt;&lt;strong&gt;Гидро-аэро-массаж&lt;/strong&gt;&amp;nbsp;на 10 форсунок (75 000 ₽) или&amp;nbsp;&lt;strong&gt;Аэро-массаж&lt;/strong&gt;&amp;nbsp;12 джетов (49 000 ₽).&lt;/p&gt;
	&lt;/li&gt;
	&lt;li&gt;
	&lt;p&gt;&lt;strong&gt;Электро-подогрев:&lt;/strong&gt;&amp;nbsp;комплекты 6 кВт (95 000 ₽) или 9 кВт (100 000 ₽) — если не хотите топить дровами.&lt;/p&gt;
	&lt;/li&gt;
	&lt;li&gt;
	&lt;p&gt;&lt;strong&gt;Подсветка:&lt;/strong&gt;&amp;nbsp;&quot;Звездный дождь&quot; (26 000 ₽) или Хромо-терапия (24 000 ₽).&lt;/p&gt;
	&lt;/li&gt;
	&lt;li&gt;
	&lt;p&gt;&lt;strong&gt;Аксессуары:&lt;/strong&gt;&amp;nbsp;Лестница с поручнями (22 000 ₽), деревянные подстаканники (6 000 ₽), электрический термометр (10 000 ₽), защитный тент-чехол (22 000 ₽).&lt;/p&gt;
	&lt;/li&gt;
&lt;/ul&gt;

&lt;h3&gt;⚙️ ТРЕБОВАНИЯ К УСТАНОВКЕ (Важно!):&lt;/h3&gt;

&lt;p&gt;Основание для купели должно быть ровным и жестким. Подойдет:&lt;/p&gt;

&lt;ul&gt;
	&lt;li&gt;
	&lt;p&gt;Бетонная стяжка.&lt;/p&gt;
	&lt;/li&gt;
	&lt;li&gt;
	&lt;p&gt;Тротуарная плитка.&lt;/p&gt;
	&lt;/li&gt;
	&lt;li&gt;
	&lt;p&gt;Утрамбованный щебень мелкой фракции (предварительно сняв плодородный слой почвы).&lt;/p&gt;
	&lt;/li&gt;
	&lt;li&gt;
	&lt;p&gt;Деревянный настил (доска от 40 мм толщиной, расстояние между лагами 30-40 см).&lt;/p&gt;
	&lt;/li&gt;
&lt;/ul&gt;

&lt;h3&gt;❓ ПОЧЕМУ СТОИТ КУПИТЬ ЭТУ КУПЕЛЬ?&lt;/h3&gt;

&lt;p&gt;Мы продаем готовый, сбалансированный комплект, который избавит вас от головной боли при выборе. Вот 5 причин, почему это выгодное вложение:&lt;/p&gt;

&lt;ol start=&quot;1&quot;&gt;
	&lt;li&gt;
	&lt;p&gt;&lt;strong&gt;🌡️ ТЕПЛО СРАЗУ И НАДОЛГО&lt;/strong&gt;&lt;br /&gt;
	Чаша уже имеет&amp;nbsp;&lt;strong&gt;утепленное дно&lt;/strong&gt;, а в комплекте идет&amp;nbsp;&lt;strong&gt;термокрышка из экокожи&lt;/strong&gt;. Вы не будете греть улицу, вода будет остывать медленно, а значит, вы сэкономите дрова или электроэнергию.&lt;/p&gt;
	&lt;/li&gt;
	&lt;li&gt;
	&lt;p&gt;&lt;strong&gt;💪 НАДЕЖНАЯ ПЕЧЬ Libespa (45 кВт)&lt;/strong&gt;&lt;br /&gt;
	В комплекте не &quot;ноунейм&quot;, а проверенная стальная печь. Нержавейка не прогорит, как обычная сталь, а мощности 45 кВт хватит, чтобы быстро протопить купель даже в холодную погоду.&lt;/p&gt;
	&lt;/li&gt;
	&lt;li&gt;
	&lt;p&gt;&lt;strong&gt;🌲 ЭСТЕТИКА И ДОЛГОВЕЧНОСТЬ&lt;/strong&gt;&lt;br /&gt;
	Купель не просто &quot;серая бочка&quot;. Она обшита натуральной лиственницей (цвет орех/палисандр) с утеплением. Это классический, благородный вид, который украсит любой участок. Лиственница не боится влаги и прослужит десятилетия.&lt;/p&gt;
	&lt;/li&gt;
	&lt;li&gt;
	&lt;p&gt;&lt;strong&gt;🛡️ ДЛИТЕЛЬНАЯ ГАРАНТИЯ&lt;/strong&gt;&lt;br /&gt;
	Мы отвечаю за качество:&amp;nbsp;&lt;strong&gt;3 года гарантии на чашу и печь&lt;/strong&gt;&amp;nbsp;(для частного использования). Это редкость для такого товара и говорит о том, что купель сделана на совесть.&lt;/p&gt;
	&lt;/li&gt;
	&lt;li&gt;
	&lt;p&gt;&lt;strong&gt;🚀 ГОТОВОСТЬ К ЭКСПЛУАТАЦИИ&lt;/strong&gt;&lt;br /&gt;
	Это не просто чаша, а почти готовый SPA-комплекс. Вам останется лишь подготовить ровное основание (бетон/плитка/настил) и установить купель. Можно сразу париться и отдыхать!&lt;/p&gt;
	&lt;/li&gt;
&lt;/ol&gt;

&lt;p&gt;&lt;strong&gt;P.S.&lt;/strong&gt;&amp;nbsp;Хотите добавить гидромассаж или подсветку? Мы можем доукомплектовать купель под ваш идеальный проект (цены на опции указаны выше).&lt;/p&gt;

&lt;p&gt;&lt;strong&gt;Самовывоз или доставка по договоренности. Пишите, звоните — ответим на все вопросы!&lt;/strong&gt;&lt;/p&gt;",332000.0,20,ППР 6-8 чел. 2.2м. внеш. печь,catalog/kupel-ppr-fotrto/kupeli-s-podogrevom-0239_800px.webp,kupel-ulichnaya-200h115-sm-pod-klyuch-s-pechjyu
60,Купель для бани «Форто» на 2–4 человека с дровяной печью,"&lt;pre&gt;
&lt;strong&gt;Купель «Форто» для бани&lt;/strong&gt; — современное решение для любителей банных традиций и спа-процедур. Модель рассчитана на компанию из 2–4 человек, идеально подходит для загородных домов, дач, банных комплексов и зон отдыха. Композитная чаша с удобной сидячей полкой по кругу, обшивка из натуральной лиственницы и мощная дровяная печь обеспечивают комфорт и долговечность.&lt;/pre&gt;

&lt;h3&gt;Основные преимущества:&lt;/h3&gt;

&lt;ul&gt;
	&lt;li&gt;&lt;strong&gt;Вместительность&lt;/strong&gt;: 2–4 человека.&lt;/li&gt;
	&lt;li&gt;&lt;strong&gt;Материал чаши&lt;/strong&gt;: прочный композит, устойчивый к перепадам температур.&lt;/li&gt;
	&lt;li&gt;&lt;strong&gt;Обшивка&lt;/strong&gt;: лиственница с утеплением, экологична и долговечна.&lt;/li&gt;
	&lt;li&gt;&lt;strong&gt;Дно&lt;/strong&gt;: утеплённое (100 мм), с донным сливом и краном.&lt;/li&gt;
	&lt;li&gt;&lt;strong&gt;Термокрышка&lt;/strong&gt;: 80 мм, на каркасе, покрытие — экокожа.&lt;/li&gt;
	&lt;li&gt;&lt;strong&gt;Печь&lt;/strong&gt;: нержавеющая сталь, 45 кВт, быстрый нагрев воды.&lt;/li&gt;
	&lt;li&gt;&lt;strong&gt;Время нагрева&lt;/strong&gt;: 1,5 часа (с 7°C до 37°C при закрытой крышке).&lt;/li&gt;
	&lt;li&gt;&lt;strong&gt;Объём воды&lt;/strong&gt;: 1,4 м³.&lt;/li&gt;
	&lt;li&gt;&lt;strong&gt;Вес купели&lt;/strong&gt;: 95 кг, вес печи — 50 кг.&lt;/li&gt;
&lt;/ul&gt;

&lt;h3&gt;Комплектация:&lt;/h3&gt;

&lt;ul&gt;
	&lt;li&gt;Пластиковая чаша с полкой для сидения.&lt;/li&gt;
	&lt;li&gt;Обшивка лиственницей с утеплением.&lt;/li&gt;
	&lt;li&gt;Утеплённое дно с донным сливом.&lt;/li&gt;
	&lt;li&gt;Термокрышка (80 мм, экокожа).&lt;/li&gt;
	&lt;li&gt;Дровяная печь из нержавеющей стали (45 кВт).&lt;/li&gt;
&lt;/ul&gt;

&lt;h3&gt;Дополнительное оборудование (опционально):&lt;/h3&gt;

&lt;ul&gt;
	&lt;li&gt;Гидромассаж (10 форсунок).&lt;/li&gt;
	&lt;li&gt;Хромотерапия (2 светодиодные лампы, 4 цвета, разные режимы).&lt;/li&gt;
	&lt;li&gt;Электрический термометр.&lt;/li&gt;
	&lt;li&gt;Приставная деревянная лестница из массива (3 ступени).&lt;/li&gt;
&lt;/ul&gt;

&lt;h3&gt;Применение:&lt;/h3&gt;

&lt;p&gt;Для бань, саун, спа-зон, загородных домов и дач. Подходит для холодных и тёплых водных процедур.&lt;/p&gt;

&lt;h3&gt;Варианты исполнения:&lt;/h3&gt;

&lt;p&gt;Доступны разные цвета обшивки и термокрышки. Возможен самовывоз и доставка.&lt;/p&gt;",292000.0,20,ППР Форто 2-4 чел. 2м. встр. печь,catalog/kupel-ppr-fotrto/kupeli-s-podogrevom-0239_800px.webp,kupel-dlya-bani-forto-na-2-4-cheloveka-s-drovyanoj-pechjyu
65,"🌊 Купель пластиковая для холодной воды — 1,8 × 1,2 м","&lt;pre&gt;
&lt;strong&gt;Пластиковая, холодная купель&lt;/strong&gt; - идеальный объем позволяет комфортно окунуться взрослому человеку после парной по шею, обеспечивая мощный выброс эндорфинов и укрепление иммунитета. Благодаря низкой теплопроводности пластика вода остается ледяной часами даже в жару, а зимой такую чашу можно использовать как прорубь. Выбирайте долговечность вместо гниющего дерева — эта купель прослужит вам десятилетиями без трещин и протечек!&lt;/pre&gt;

&lt;h3&gt;📋 Основные характеристики:&lt;/h3&gt;

&lt;table&gt;
	&lt;tbody&gt;
		&lt;tr&gt;
			&lt;th&gt;&lt;strong&gt;Параметр&lt;/strong&gt;&lt;/th&gt;
			&lt;th&gt;&lt;strong&gt;Значение&lt;/strong&gt;&lt;/th&gt;
		&lt;/tr&gt;
		&lt;tr&gt;
			&lt;td&gt;Внутренний диаметр&lt;/td&gt;
			&lt;td&gt;1,8 м&lt;/td&gt;
		&lt;/tr&gt;
		&lt;tr&gt;
			&lt;td&gt;Глубина&lt;/td&gt;
			&lt;td&gt;1,2 м&lt;/td&gt;
		&lt;/tr&gt;
		&lt;tr&gt;
			&lt;td&gt;Внешний диаметр&lt;/td&gt;
			&lt;td&gt;2,0 м&lt;/td&gt;
		&lt;/tr&gt;
		&lt;tr&gt;
			&lt;td&gt;Материал&lt;/td&gt;
			&lt;td&gt;Пищевой полипропилен Vikulen&lt;/td&gt;
		&lt;/tr&gt;
		&lt;tr&gt;
			&lt;td&gt;Вес&lt;/td&gt;
			&lt;td&gt;65 кг&lt;/td&gt;
		&lt;/tr&gt;
		&lt;tr&gt;
			&lt;td&gt;Температурный режим&lt;/td&gt;
			&lt;td&gt;от -40°С до +80°С&lt;/td&gt;
		&lt;/tr&gt;
		&lt;tr&gt;
			&lt;td&gt;Срок службы&lt;/td&gt;
			&lt;td&gt;более 30 лет&lt;/td&gt;
		&lt;/tr&gt;
		&lt;tr&gt;
			&lt;td&gt;Особенности&lt;/td&gt;
			&lt;td&gt;УФ-стабилизаторы, не требует металлического каркаса&lt;/td&gt;
		&lt;/tr&gt;
		&lt;tr&gt;
			&lt;td&gt;Установка&lt;/td&gt;
			&lt;td&gt;Наземная, на ровное и жёсткое основание&lt;/td&gt;
		&lt;/tr&gt;
	&lt;/tbody&gt;
&lt;/table&gt;

&lt;h3&gt;💡 Преимущества:&lt;/h3&gt;

&lt;ul&gt;
	&lt;li&gt;&lt;strong&gt;Устойчивость к морозу и солнцу&lt;/strong&gt; — подходит для круглогодичного использования.&lt;/li&gt;
	&lt;li&gt;&lt;strong&gt;Выдерживает перепады температур&lt;/strong&gt; — идеальна для бани.&lt;/li&gt;
	&lt;li&gt;&lt;strong&gt;Долговечность&lt;/strong&gt; — УФ-стабилизаторы сохраняют внешний вид на долгие годы.&lt;/li&gt;
	&lt;li&gt;&lt;strong&gt;Прочная сварка&lt;/strong&gt; — основные узлы сварены на стыковом станке.&lt;/li&gt;
	&lt;li&gt;&lt;strong&gt;Удобство монтажа&lt;/strong&gt; — есть закладные части для вагонки.&lt;/li&gt;
	&lt;li&gt;&lt;strong&gt;Разнообразие размеров&lt;/strong&gt; — подберём купель под ваши задачи.&lt;/li&gt;
&lt;/ul&gt;

&lt;h3&gt;🚚 Доставка и самовывоз:&lt;/h3&gt;

&lt;ul&gt;
	&lt;li&gt;Отправка любой транспортной компанией (ПЭК, наш грузоперевозчик и др.).&lt;/li&gt;
	&lt;li&gt;Возможен самовывоз.&lt;/li&gt;
&lt;/ul&gt;

&lt;h3&gt;🏭 О нас:&lt;/h3&gt;

&lt;p&gt;Производим купели с 2015 года. В ассортименте: купели для бани, улицы, дачи, без подогрева, с подсветкой, гидромассажем и др.&lt;/p&gt;

&lt;p&gt;Ключевые запросы: &lt;strong&gt;купель пластиковая вкопная&lt;/strong&gt;, &lt;strong&gt;емкость для холодной воды баня&lt;/strong&gt;, &lt;strong&gt;мини бассейн полипропилен&lt;/strong&gt;.&lt;/p&gt;

&lt;blockquote&gt;
&lt;p&gt;🌟 Наша миссия — предоставить вам место для качественного отдыха и оздоровления, гарантируя исключительное качество и долговечность каждого изделия.&lt;/p&gt;
&lt;/blockquote&gt;

&lt;p&gt;&lt;a href=&quot;https://www.avito.ru/brands/kupeli-dlya-bani-plazar&quot; target=&quot;_blank&quot;&gt;👉 Посмотрите наши модели на витрине Avito!&lt;/a&gt;&lt;/p&gt;

&lt;p&gt;📞 Звоните или пишите — ответим на все вопросы!&lt;/p&gt;

&lt;p&gt;📌 Добавьте в избранное (Ctrl+D) ❤️, чтоб не потерять!&amp;nbsp;&lt;/p&gt;",55000.0,20,"Купель для холодной воды  — 1,8 × 1,2 м",catalog/PPR/kupel-dlya-bani-plastik-2.webp,kupel-plastikovaya-dlya-holodnoj-vody--1-8x1-2-m
67,"🌊 Купель пластиковая для холодной воды — 2 × 1,2 м","&lt;p&gt;&lt;strong&gt;Купель для холодной воды&lt;/strong&gt; - надежное решение для организации зоны отдыха и оздоровления. Пластиковая емкость предназначена для установки на открытом воздухе, в предбаннике или внутри загородного дома.&lt;/p&gt;

&lt;p&gt;&lt;b&gt;Преимущества материала:&lt;/b&gt; Чаша изготовлена из первичного пищевого полипропилена высокой плотности. Материал химически инертен, не впитывает запахи, не подвержен коррозии и образованию грибка. Купель не требует сложного слива воды на зиму, если пользоваться круглогодично.&lt;/p&gt;

&lt;h3&gt;📋 Основные характеристики:&lt;/h3&gt;

&lt;table&gt;
	&lt;tbody&gt;
		&lt;tr&gt;
			&lt;th&gt;&lt;strong&gt;Параметр&lt;/strong&gt;&lt;/th&gt;
			&lt;th&gt;&lt;strong&gt;Значение&lt;/strong&gt;&lt;/th&gt;
		&lt;/tr&gt;
		&lt;tr&gt;
			&lt;td&gt;Внутренний диаметр&lt;/td&gt;
			&lt;td&gt;2 м&lt;/td&gt;
		&lt;/tr&gt;
		&lt;tr&gt;
			&lt;td&gt;Глубина&lt;/td&gt;
			&lt;td&gt;1,2 м&lt;/td&gt;
		&lt;/tr&gt;
		&lt;tr&gt;
			&lt;td&gt;Внешний диаметр&lt;/td&gt;
			&lt;td&gt;2,2 м&lt;/td&gt;
		&lt;/tr&gt;
		&lt;tr&gt;
			&lt;td&gt;Материал&lt;/td&gt;
			&lt;td&gt;Пищевой полипропилен Vikulen&lt;/td&gt;
		&lt;/tr&gt;
		&lt;tr&gt;
			&lt;td&gt;Вес&lt;/td&gt;
			&lt;td&gt;65 кг&lt;/td&gt;
		&lt;/tr&gt;
		&lt;tr&gt;
			&lt;td&gt;Температурный режим&lt;/td&gt;
			&lt;td&gt;от -40°С до +80°С&lt;/td&gt;
		&lt;/tr&gt;
		&lt;tr&gt;
			&lt;td&gt;Срок службы&lt;/td&gt;
			&lt;td&gt;более 30 лет&lt;/td&gt;
		&lt;/tr&gt;
		&lt;tr&gt;
			&lt;td&gt;Особенности&lt;/td&gt;
			&lt;td&gt;УФ-стабилизаторы, не требует металлического каркаса&lt;/td&gt;
		&lt;/tr&gt;
		&lt;tr&gt;
			&lt;td&gt;Установка&lt;/td&gt;
			&lt;td&gt;Наземная, на ровное и жёсткое основание&lt;/td&gt;
		&lt;/tr&gt;
	&lt;/tbody&gt;
&lt;/table&gt;

&lt;h3&gt;💡 Преимущества:&lt;/h3&gt;

&lt;ul&gt;
	&lt;li&gt;&lt;strong&gt;Устойчивость к морозу и солнцу&lt;/strong&gt; — подходит для круглогодичного использования.&lt;/li&gt;
	&lt;li&gt;&lt;strong&gt;Выдерживает перепады температур&lt;/strong&gt; — идеальна для бани.&lt;/li&gt;
	&lt;li&gt;&lt;strong&gt;Долговечность&lt;/strong&gt; — УФ-стабилизаторы сохраняют внешний вид на долгие годы.&lt;/li&gt;
	&lt;li&gt;&lt;strong&gt;Прочная сварка&lt;/strong&gt; — основные узлы сварены на стыковом станке.&lt;/li&gt;
	&lt;li&gt;&lt;strong&gt;Удобство монтажа&lt;/strong&gt; — есть закладные части для вагонки.&lt;/li&gt;
	&lt;li&gt;&lt;strong&gt;Разнообразие размеров&lt;/strong&gt; — подберём купель под ваши задачи.&lt;/li&gt;
&lt;/ul&gt;

&lt;h3&gt;🚚 Доставка и самовывоз:&lt;/h3&gt;

&lt;ul&gt;
	&lt;li&gt;Отправка любой транспортной компанией (ПЭК, наш грузоперевозчик и др.).&lt;/li&gt;
	&lt;li&gt;Возможен самовывоз.&lt;/li&gt;
&lt;/ul&gt;

&lt;h3&gt;🏭 О нас:&lt;/h3&gt;

&lt;p&gt;Производим купели с 2015 года. В ассортименте: купели для бани, улицы, дачи, без подогрева, с подсветкой, гидромассажем и др.&amp;nbsp;&lt;/p&gt;

&lt;p&gt;&lt;u&gt;Ключевые слова:&lt;/u&gt; &lt;strong&gt;холодная купель для бани&lt;/strong&gt;, &lt;strong&gt;пластиковый бассейн для дачи&lt;/strong&gt;, &lt;strong&gt;уличная купель для детей&lt;/strong&gt;, &lt;strong&gt;контрастные процедуры&lt;/strong&gt;.&lt;/p&gt;

&lt;blockquote&gt;
&lt;p&gt;🌟 Наша миссия — предоставить вам место для качественного отдыха и оздоровления, гарантируя исключительное качество и долговечность каждого изделия.&lt;/p&gt;
&lt;/blockquote&gt;

&lt;p&gt;&lt;a href=&quot;https://www.avito.ru/brands/kupeli-dlya-bani-plazar&quot; target=&quot;_blank&quot;&gt;👉 Посмотрите наши модели на витрине Avito!&lt;/a&gt;&lt;/p&gt;

&lt;p&gt;📞 Звоните или пишите — ответим на все вопросы!&lt;/p&gt;

&lt;p&gt;📌 Добавьте в избранное (Ctrl+D) ❤️, чтоб не потерять!&amp;nbsp;&lt;/p&gt;",63000.0,20,"Купель для холодной воды  — 2 × 1,2 м",catalog/PPR/1913806758cdcc5056c5c45eb26666b3_800px.webp,kupel-plastikovaya-dlya-holodnoj-vody-2m-x-1-2m
68,"🌊 Купель пластиковая для холодной воды — 1,6 × 1,2 м","&lt;pre&gt;
Прочная &lt;strong&gt;пластиковая&amp;nbsp;чаша&lt;/strong&gt; из пищевого полипропилена абсолютно безопасна: она не выделяет вредных веществ при нагреве от солнца, устойчива к ультрафиолету и легко моется обычной губкой. Гладкие стенки приятны на ощупь и не оставляют заноз, поэтому купаться здесь могут даже самые маленькие любители бани. Ваши любимые детишки будут в восторге от собственного небольшого бассейна во дворе летом!&lt;/pre&gt;

&lt;h3&gt;📋 Основные характеристики:&lt;/h3&gt;

&lt;table&gt;
	&lt;tbody&gt;
		&lt;tr&gt;
			&lt;th&gt;&lt;strong&gt;Параметр&lt;/strong&gt;&lt;/th&gt;
			&lt;th&gt;&lt;strong&gt;Значение&lt;/strong&gt;&lt;/th&gt;
		&lt;/tr&gt;
		&lt;tr&gt;
			&lt;td&gt;Внутренний диаметр&lt;/td&gt;
			&lt;td&gt;1,6 м&lt;/td&gt;
		&lt;/tr&gt;
		&lt;tr&gt;
			&lt;td&gt;Глубина&lt;/td&gt;
			&lt;td&gt;1,2 м&lt;/td&gt;
		&lt;/tr&gt;
		&lt;tr&gt;
			&lt;td&gt;Внешний диаметр&lt;/td&gt;
			&lt;td&gt;2,2 м&lt;/td&gt;
		&lt;/tr&gt;
		&lt;tr&gt;
			&lt;td&gt;Материал&lt;/td&gt;
			&lt;td&gt;Пищевой полипропилен Vikulen&lt;/td&gt;
		&lt;/tr&gt;
		&lt;tr&gt;
			&lt;td&gt;Вес&lt;/td&gt;
			&lt;td&gt;65 кг&lt;/td&gt;
		&lt;/tr&gt;
		&lt;tr&gt;
			&lt;td&gt;Температурный режим&lt;/td&gt;
			&lt;td&gt;от -40°С до +80°С&lt;/td&gt;
		&lt;/tr&gt;
		&lt;tr&gt;
			&lt;td&gt;Срок службы&lt;/td&gt;
			&lt;td&gt;более 30 лет&lt;/td&gt;
		&lt;/tr&gt;
		&lt;tr&gt;
			&lt;td&gt;Особенности&lt;/td&gt;
			&lt;td&gt;УФ-стабилизаторы, не требует металлического каркаса&lt;/td&gt;
		&lt;/tr&gt;
		&lt;tr&gt;
			&lt;td&gt;Установка&lt;/td&gt;
			&lt;td&gt;Наземная, на ровное и жёсткое основание&lt;/td&gt;
		&lt;/tr&gt;
	&lt;/tbody&gt;
&lt;/table&gt;

&lt;h3&gt;💡 Преимущества:&lt;/h3&gt;

&lt;ul&gt;
	&lt;li&gt;&lt;strong&gt;Устойчивость к морозу и солнцу&lt;/strong&gt; — подходит для круглогодичного использования.&lt;/li&gt;
	&lt;li&gt;&lt;strong&gt;Выдерживает перепады температур&lt;/strong&gt; — идеальна для бани.&lt;/li&gt;
	&lt;li&gt;&lt;strong&gt;Долговечность&lt;/strong&gt; — УФ-стабилизаторы сохраняют внешний вид на долгие годы.&lt;/li&gt;
	&lt;li&gt;&lt;strong&gt;Прочная сварка&lt;/strong&gt; — основные узлы сварены на стыковом станке.&lt;/li&gt;
	&lt;li&gt;&lt;strong&gt;Удобство монтажа&lt;/strong&gt; — есть закладные части для вагонки.&lt;/li&gt;
	&lt;li&gt;&lt;strong&gt;Разнообразие размеров&lt;/strong&gt; — подберём купель под ваши задачи.&lt;/li&gt;
&lt;/ul&gt;

&lt;h3&gt;🚚 Доставка и самовывоз:&lt;/h3&gt;

&lt;ul&gt;
	&lt;li&gt;Отправка любой транспортной компанией (ПЭК, наш грузоперевозчик и др.).&lt;/li&gt;
	&lt;li&gt;Возможен самовывоз.&lt;/li&gt;
&lt;/ul&gt;

&lt;h3&gt;🏭 О нас:&lt;/h3&gt;

&lt;p&gt;Производим купели с 2015 года. В ассортименте: купели для бани, улицы, дачи, без подогрева, с подсветкой, гидромассажем и др.&lt;/p&gt;

&lt;blockquote&gt;
&lt;p&gt;🌟 Наша миссия — предоставить вам место для качественного отдыха и оздоровления, гарантируя исключительное качество и долговечность каждого изделия.&lt;/p&gt;
&lt;/blockquote&gt;

&lt;p&gt;&lt;a href=&quot;https://www.avito.ru/brands/kupeli-dlya-bani-plazar&quot; target=&quot;_blank&quot;&gt;👉 Посмотрите наши модели на витрине Avito!&lt;/a&gt;&lt;/p&gt;

&lt;p&gt;📞 Звоните или пишите — ответим на все вопросы!&lt;/p&gt;

&lt;p&gt;📌 Добавьте в избранное (Ctrl+D) ❤️, чтоб не потерять!&amp;nbsp;&lt;/p&gt;",47000.0,20,"Купель для холодной воды  — 1,6 × 1,2 м",catalog/PPR/1913806758cdcc5056c5c45eb26666b3_800px.webp,kupel-plastikovaya-dlya-holodnoj-vody-1-6x1-2-m
69,"🌊 Купель пластиковая для холодной воды — 1,4 × 1,2 м","&lt;pre&gt;
★ &lt;b&gt;Ледяное погружение для богатырского здоровья! Пластиковая купель для бани.&lt;/b&gt; Контрастные процедуры — основа настоящей русской бани, а надежная пластиковая купель для холодной воды станет вашим лучшим помощником в закаливании. Это не просто бочка с водой, а полноценный мини-бассейн у вас на участке или в доме, который подарит заряд бодрости всей семье.&lt;/pre&gt;

&lt;h3&gt;📋 Основные характеристики:&lt;/h3&gt;

&lt;table&gt;
	&lt;tbody&gt;
		&lt;tr&gt;
			&lt;th&gt;&lt;strong&gt;Параметр&lt;/strong&gt;&lt;/th&gt;
			&lt;th&gt;&lt;strong&gt;Значение&lt;/strong&gt;&lt;/th&gt;
		&lt;/tr&gt;
		&lt;tr&gt;
			&lt;td&gt;Внутренний диаметр&lt;/td&gt;
			&lt;td&gt;1,4&amp;nbsp;м&lt;/td&gt;
		&lt;/tr&gt;
		&lt;tr&gt;
			&lt;td&gt;Глубина&lt;/td&gt;
			&lt;td&gt;1,2 м&lt;/td&gt;
		&lt;/tr&gt;
		&lt;tr&gt;
			&lt;td&gt;Внешний диаметр&lt;/td&gt;
			&lt;td&gt;2,2 м&lt;/td&gt;
		&lt;/tr&gt;
		&lt;tr&gt;
			&lt;td&gt;Материал&lt;/td&gt;
			&lt;td&gt;Пищевой полипропилен Vikulen&lt;/td&gt;
		&lt;/tr&gt;
		&lt;tr&gt;
			&lt;td&gt;Вес&lt;/td&gt;
			&lt;td&gt;65 кг&lt;/td&gt;
		&lt;/tr&gt;
		&lt;tr&gt;
			&lt;td&gt;Температурный режим&lt;/td&gt;
			&lt;td&gt;от -40°С до +80°С&lt;/td&gt;
		&lt;/tr&gt;
		&lt;tr&gt;
			&lt;td&gt;Срок службы&lt;/td&gt;
			&lt;td&gt;более 30 лет&lt;/td&gt;
		&lt;/tr&gt;
		&lt;tr&gt;
			&lt;td&gt;Особенности&lt;/td&gt;
			&lt;td&gt;УФ-стабилизаторы, не требует металлического каркаса&lt;/td&gt;
		&lt;/tr&gt;
		&lt;tr&gt;
			&lt;td&gt;Установка&lt;/td&gt;
			&lt;td&gt;Наземная, на ровное и жёсткое основание&lt;/td&gt;
		&lt;/tr&gt;
	&lt;/tbody&gt;
&lt;/table&gt;

&lt;h3&gt;💡 Преимущества:&lt;/h3&gt;

&lt;ul&gt;
	&lt;li&gt;&lt;strong&gt;Устойчивость к морозу и солнцу&lt;/strong&gt; — подходит для круглогодичного использования.&lt;/li&gt;
	&lt;li&gt;&lt;strong&gt;Выдерживает перепады температур&lt;/strong&gt; — идеальна для бани.&lt;/li&gt;
	&lt;li&gt;&lt;strong&gt;Долговечность&lt;/strong&gt; — УФ-стабилизаторы сохраняют внешний вид на долгие годы.&lt;/li&gt;
	&lt;li&gt;&lt;strong&gt;Прочная сварка&lt;/strong&gt; — основные узлы сварены на стыковом станке.&lt;/li&gt;
	&lt;li&gt;&lt;strong&gt;Удобство монтажа&lt;/strong&gt; — есть закладные части для вагонки.&lt;/li&gt;
	&lt;li&gt;&lt;strong&gt;Разнообразие размеров&lt;/strong&gt; — подберём купель под ваши задачи.&lt;/li&gt;
&lt;/ul&gt;

&lt;h3&gt;🚚 Доставка и самовывоз:&lt;/h3&gt;

&lt;ul&gt;
	&lt;li&gt;Отправка любой транспортной компанией (ПЭК, наш грузоперевозчик и др.).&lt;/li&gt;
	&lt;li&gt;Возможен самовывоз.&lt;/li&gt;
&lt;/ul&gt;

&lt;h3&gt;🏭 О нас:&lt;/h3&gt;

&lt;p&gt;Производим купели с 2015 года. В ассортименте: купели для бани, улицы, дачи, без подогрева, с подсветкой, гидромассажем и др.&lt;/p&gt;

&lt;blockquote&gt;
&lt;p&gt;🌟 Наша миссия — предоставить вам место для качественного отдыха и оздоровления, гарантируя исключительное качество и долговечность каждого изделия.&lt;/p&gt;
&lt;/blockquote&gt;

&lt;p&gt;&lt;a href=&quot;https://www.avito.ru/brands/kupeli-dlya-bani-plazar&quot; target=&quot;_blank&quot;&gt;👉 Посмотрите наши модели на витрине Avito!&lt;/a&gt;&lt;/p&gt;

&lt;p&gt;📞 Звоните или пишите — ответим на все вопросы!&lt;/p&gt;

&lt;p&gt;📌 Добавьте в избранное (Ctrl+D) ❤️, чтоб не потерять!&amp;nbsp;&lt;/p&gt;",35500.0,20,"Купель для холодной воды  — 1,4 × 1,2 м",catalog/kupel-plastik-dlya-holodnoj-vody/kupel-plastik-4_800px_wm.webp,kupel-plastikovaya-dlya-holodnoj-vody-1-4x1-2-m
77,Купель холодная «Кваттро» — без печки и термокрышки,"&lt;h2&gt;Холодная купель «Кваттро» Готовое решение для отдыха на даче, в бане или на улице!&lt;/h2&gt;

&lt;h3&gt;📋 Основные характеристики:&lt;/h3&gt;

&lt;table&gt;
	&lt;tbody&gt;
		&lt;tr&gt;
			&lt;th&gt;&lt;strong&gt;Параметр&lt;/strong&gt;&lt;/th&gt;
			&lt;th&gt;&lt;strong&gt;Значение&lt;/strong&gt;&lt;/th&gt;
		&lt;/tr&gt;
		&lt;tr&gt;
			&lt;td&gt;Внешний размер&lt;/td&gt;
			&lt;td&gt;2000×2000×1100 мм&lt;/td&gt;
		&lt;/tr&gt;
		&lt;tr&gt;
			&lt;td&gt;Внутренний размер&lt;/td&gt;
			&lt;td&gt;1800×1800×980 мм&lt;/td&gt;
		&lt;/tr&gt;
		&lt;tr&gt;
			&lt;td&gt;Материал чаши&lt;/td&gt;
			&lt;td&gt;Композит&lt;/td&gt;
		&lt;/tr&gt;
		&lt;tr&gt;
			&lt;td&gt;Каркас&lt;/td&gt;
			&lt;td&gt;Металлический&lt;/td&gt;
		&lt;/tr&gt;
		&lt;tr&gt;
			&lt;td&gt;Обшивка&lt;/td&gt;
			&lt;td&gt;Лиственница (орех/палисандр)&lt;/td&gt;
		&lt;/tr&gt;
		&lt;tr&gt;
			&lt;td&gt;Лестница&lt;/td&gt;
			&lt;td&gt;Деревянная, 3 ступени, с поручнями&lt;/td&gt;
		&lt;/tr&gt;
		&lt;tr&gt;
			&lt;td&gt;Утепление&lt;/td&gt;
			&lt;td&gt;Фольгоизол, экструдированный пенополистирол&lt;/td&gt;
		&lt;/tr&gt;
		&lt;tr&gt;
			&lt;td&gt;Донный слив&lt;/td&gt;
			&lt;td&gt;В комплекте&lt;/td&gt;
		&lt;/tr&gt;
		&lt;tr&gt;
			&lt;td&gt;Цвет чаши (RAL)&lt;/td&gt;
			&lt;td&gt;9003 (белая), 6027 (бирюзовая), 5012 (синяя), 7040 (светло-серая), 7024 (тёмно-серая)&lt;/td&gt;
		&lt;/tr&gt;
	&lt;/tbody&gt;
&lt;/table&gt;

&lt;h3&gt;💰 Стоимость:&lt;/h3&gt;

&lt;ul&gt;
	&lt;li&gt;&lt;strong&gt;Базовая комплектация:&lt;/strong&gt; 219 450 ₽ (за наличный расчёт)&lt;/li&gt;
	&lt;li&gt;&lt;strong&gt;Итого по прайсу:&lt;/strong&gt; 231 000 ₽&lt;/li&gt;
&lt;/ul&gt;

&lt;p&gt;&lt;em&gt;В комплект входит: чаша на каркасе, обшивка, лестница, утепление, донный слив.&lt;/em&gt;&lt;/p&gt;

&lt;h3&gt;💡 Возможные опции (по запросу):&lt;/h3&gt;

&lt;ul&gt;
	&lt;li&gt;Интегрированная/внешняя/алюминиевая печь&lt;/li&gt;
	&lt;li&gt;Электронагрев (6–15 кВт)&lt;/li&gt;
	&lt;li&gt;Гидро- и аэромассаж&lt;/li&gt;
	&lt;li&gt;Хромотерапия, подсветка, термометр и др.&lt;/li&gt;
&lt;/ul&gt;

&lt;h3&gt;🚚 Доставка и самовывоз:&lt;/h3&gt;

&lt;ul&gt;
	&lt;li&gt;Отправка любой транспортной компанией (ПЭК, наш грузоперевозчик и др.).&lt;/li&gt;
	&lt;li&gt;Возможен самовывоз.&lt;/li&gt;
&lt;/ul&gt;

&lt;h3&gt;🏭 О нас:&lt;/h3&gt;

&lt;p&gt;Производим купели с 2015 года. В ассортименте: купели для бани, улицы, дачи, без подогрева, с подсветкой, гидромассажем и др.&lt;/p&gt;

&lt;blockquote&gt;
&lt;p&gt;🌟 Наша миссия — предоставить вам место для качественного отдыха и оздоровления, гарантируя исключительное качество и долговечность каждого изделия.&lt;/p&gt;
&lt;/blockquote&gt;

&lt;p&gt;📞 Звоните или пишите — ответим на все вопросы! 👉Добавьте в избранное (Ctrl + W), чтоб не потерять.&lt;/p&gt;",231000.0,20,Купель холодная Кваттро,catalog/kvattro/kupeli-s-podogrevom-0153.webp,kupel-holodnaya-kvattro-bez-pechki-i-termokryshki
79,Композитная купель с подогревом «Кваттро» со встроенной печью 35кВт,"&lt;h2&gt;Композитная купель для бани с подогревом «Кваттро» — современное решение для бани, сауны и SPA&lt;/h2&gt;

&lt;p&gt;Композитная купель «Кваттро» — это прочная и долговечная модель с усиленным металлическим каркасом, предназначенная для круглогодичного использования как на улице, так и в помещении. Благодаря возможности установки различных систем нагрева, купель идеально подходит для тех, кто ищет &lt;strong&gt;купель с подогревом&lt;/strong&gt; для бани, SPA-зоны или загородного дома.&lt;/p&gt;

&lt;h3&gt;Основные характеристики&lt;/h3&gt;

&lt;ul&gt;
	&lt;li&gt;&lt;strong&gt;Тип:&lt;/strong&gt; композитная купель квадратная.&lt;/li&gt;
	&lt;li&gt;Обшивка: лиственница - прослужит долго!&lt;/li&gt;
	&lt;li&gt;&lt;strong&gt;Каркас:&lt;/strong&gt; усиленный металлический.&lt;/li&gt;
	&lt;li&gt;&lt;strong&gt;Слив:&lt;/strong&gt; донный, удобное обслуживание.&lt;/li&gt;
	&lt;li&gt;&lt;strong&gt;Размеры (внешние):&lt;/strong&gt; 2000 × 2000 × 1100 мм.&lt;/li&gt;
	&lt;li&gt;&lt;strong&gt;Размеры (внутренние):&lt;/strong&gt; 1800 × 1800 × 980 мм.&lt;/li&gt;
	&lt;li&gt;&lt;strong&gt;Назначение:&lt;/strong&gt; баня, сауна, SPA, частный и коммерческий сектор.&lt;/li&gt;
	&lt;li&gt;&lt;strong&gt;Объём воды:&lt;/strong&gt; 1400–1500 л.&lt;/li&gt;
	&lt;li&gt;Интегрированная печь 35 кВт (нержавеющая сталь Libespa).&lt;/li&gt;
	&lt;li&gt;&lt;strong&gt;Материал:&lt;/strong&gt; устойчив к перепадам температур, ультрафиолету и влаге.&lt;/li&gt;
	&lt;li&gt;Цвет чаши на выбор (RAL: 9003 (белая), 6027 &lt;span style=&quot;color:#33ffcc;&quot;&gt;(бирюзовая)&lt;/span&gt;, 5012 (&lt;span style=&quot;color:#2980b9;&quot;&gt;синяя&lt;/span&gt;), 7040 (&lt;span style=&quot;color:#95a5a6;&quot;&gt;светло-серая&lt;/span&gt;), 7024 (&lt;span style=&quot;color:#2c3e50;&quot;&gt;темно-серая&lt;/span&gt;))&lt;/li&gt;
&lt;/ul&gt;

&lt;h3&gt;Преимущества купели для бани с подогревом «Кваттро»&lt;/h3&gt;

&lt;ul&gt;
	&lt;li&gt;Высокая прочность и долговечность композитного материала.&lt;/li&gt;
	&lt;li&gt;Надёжный металлический каркас.&lt;/li&gt;
	&lt;li&gt;Удобный донный слив.&lt;/li&gt;
	&lt;li&gt;Возможность установки печи или электрического нагрева.&lt;/li&gt;
	&lt;li&gt;Широкий выбор дополнительных опций и комплектаций.&lt;/li&gt;
&lt;/ul&gt;

&lt;h3&gt;Варианты подогрева для купели «Кваттро»&lt;/h3&gt;

&lt;p&gt;Купель можно укомплектовать различными системами нагрева воды:&lt;/p&gt;

&lt;ul&gt;
	&lt;li&gt;&lt;strong&gt;Внешние печи для купели:&lt;/strong&gt;

	&lt;ul&gt;
		&lt;li&gt;Внешняя печь 25 кВт (нержавеющая сталь Libespa).&lt;/li&gt;
		&lt;li&gt;Внешняя печь 45 кВт (нержавеющая сталь Libespa).&lt;/li&gt;
		&lt;li&gt;Внешняя печь 70 кВт (нержавеющая сталь Libespa).&lt;/li&gt;
		&lt;li&gt;Внешняя Печь 45 кВт алюминиевая.&lt;/li&gt;
	&lt;/ul&gt;
	&lt;/li&gt;
	&lt;li&gt;&lt;strong&gt;Электрический нагрев:&lt;/strong&gt;
	&lt;ul&gt;
		&lt;li&gt;Комплект электро нагрева на выбор: 6 / 9 / 12 / 15 кВт.&lt;/li&gt;
	&lt;/ul&gt;
	&lt;/li&gt;
&lt;/ul&gt;

&lt;h3&gt;Дополнительные опции и комплектация&lt;/h3&gt;

&lt;p&gt;Для максимального комфорта и удобства эксплуатации купель можно доукомплектовать:&lt;/p&gt;

&lt;ul&gt;
	&lt;li&gt;&lt;strong&gt;Отделка и теплоизоляция:&lt;/strong&gt;

	&lt;ul&gt;
		&lt;li&gt;Обшивка лиственницей.&lt;/li&gt;
		&lt;li&gt;Утепление стенок и дна.&lt;/li&gt;
		&lt;li&gt;Термокрышка из экокожи.&lt;/li&gt;
		&lt;li&gt;Подъёмный механизм для термокрышки.&lt;/li&gt;
	&lt;/ul&gt;
	&lt;/li&gt;
	&lt;li&gt;&lt;strong&gt;SPA-функции:&lt;/strong&gt;
	&lt;ul&gt;
		&lt;li&gt;Гидро-аэромассаж (8 форсунок).&lt;/li&gt;
		&lt;li&gt;Аэромассаж (12 джетов).&lt;/li&gt;
		&lt;li&gt;Хромотерапия (2 светодиодные лампы).&lt;/li&gt;
		&lt;li&gt;Подсветка «Звёздный дождь» джетов.&lt;/li&gt;
	&lt;/ul&gt;
	&lt;/li&gt;
	&lt;li&gt;&lt;strong&gt;Аксессуары:&lt;/strong&gt;
	&lt;ul&gt;
		&lt;li&gt;Лестница деревянная с поручнями (3 ступени).&lt;/li&gt;
		&lt;li&gt;Электрический термометр.&lt;/li&gt;
		&lt;li&gt;Деревянный подстаканник.&lt;/li&gt;
		&lt;li&gt;Защитный тент-чехол.&lt;/li&gt;
	&lt;/ul&gt;
	&lt;/li&gt;
&lt;/ul&gt;

&lt;h3&gt;Где используется купель с подогревом «Кваттро»&lt;/h3&gt;

&lt;ul&gt;
	&lt;li&gt;Частные бани и сауны.&lt;/li&gt;
	&lt;li&gt;Загородные дома и дачи.&lt;/li&gt;
	&lt;li&gt;SPA-комплексы и базы отдыха.&lt;/li&gt;
	&lt;li&gt;Коммерческие банные комплексы.&lt;/li&gt;
&lt;/ul&gt;

&lt;h3&gt;Почему стоит выбрать купель для бани «Кваттро» с подогревом&lt;/h3&gt;

&lt;p&gt;&lt;strong&gt;Купель для бани с подогревом «Кваттро»&lt;/strong&gt; — это оптимальное сочетание современного дизайна, функциональности и надёжности. Возможность выбора типа подогрева (печь или электронагрев), а также широкий спектр дополнительных опций позволяют создать индивидуальное решение для любых условий эксплуатации. Идеально подходит для тех, кто ценит комфорт, долговечность и удобство в использовании.&lt;/p&gt;",430000.0,20,Кваттро 4-6 чел. 2м. встр. печь,catalog/kvattro/kupel-dlya-bani-kvattro-13_800px_wm.webp,kompozitnaya-kupel-s-podogrevom-kvattro-so-vstroennoj-pechjyu-35
80,Купель на дровах — готовое решение для улицы и дачи,"&lt;h2&gt;Купель на дровах — готовое решение для улицы и дачи&lt;/h2&gt;

&lt;p&gt;Готовая к установке уличная купель на дровах. Полный комплект «под ключ»: чаша уже утеплена и обшита, остаётся только установить на подготовленное основание. Идеальный вариант для загородного дома, дачи или SPA-комплекса.&lt;/p&gt;

&lt;h3&gt;🔥 Бонус&lt;/h3&gt;

&lt;p&gt;При покупке всего комплекта за наличный расчёт — скидка! Итоговая стоимость: &lt;strong&gt;315 400 ₽&lt;/strong&gt; (вместо 332 000 ₽).&lt;/p&gt;

&lt;h3&gt;✅ Что входит в комплект&lt;/h3&gt;

&lt;ul&gt;
	&lt;li&gt;&lt;strong&gt;Чаша полипропиленовая&lt;/strong&gt;: внешний размер 2200×1250 мм, внутренний — 2000×1150 мм, глубина 1150 мм. Рассчитана на 6–8 человек.&lt;/li&gt;
	&lt;li&gt;&lt;strong&gt;Утепление&lt;/strong&gt;: дно утеплено, установлен донный слив для удобного слива воды.&lt;/li&gt;
	&lt;li&gt;&lt;strong&gt;Обшивка&lt;/strong&gt;: натуральная лиственница (цвет «орех/палисандр») с утеплением — эстетичный и долговечный внешний вид.&lt;/li&gt;
	&lt;li&gt;&lt;strong&gt;Термокрышка&lt;/strong&gt;: из эко-кожи (цвет серая/коричневая на выбор) для сохранения тепла.&lt;/li&gt;
	&lt;li&gt;&lt;strong&gt;Обогрев&lt;/strong&gt;: внешняя дровяная печь 45 кВт из нержавеющей стали (бренд Libespa) — мощная и долговечная.&lt;/li&gt;
&lt;/ul&gt;

&lt;h3&gt;➕ Дополнительное оборудование (можно добавить в комплект)&lt;/h3&gt;

&lt;ul&gt;
	&lt;li&gt;Подъёмный механизм для крышки — 41 000 ₽.&lt;/li&gt;
	&lt;li&gt;Гидро-аэромассаж (10 форсунок) — 75 000 ₽ или аэромассаж (12 джетов) — 49 000 ₽.&lt;/li&gt;
	&lt;li&gt;Электроподогрев: 6 кВт — 95 000 ₽, 9 кВт — 100 000 ₽.&lt;/li&gt;
	&lt;li&gt;Подсветка: «Звёздный дождь» — 26 000 ₽, хромотерапия — 24 000 ₽.&lt;/li&gt;
	&lt;li&gt;Аксессуары: лестница с поручнями — 22 000 ₽, деревянные подстаканники — 6 000 ₽, электрический термометр — 10 000 ₽, защитный тент-чехол — 22 000 ₽.&lt;/li&gt;
&lt;/ul&gt;

&lt;h3&gt;⚙️ Требования к установке&lt;/h3&gt;

&lt;p&gt;Купель устанавливается на ровное и жёсткое основание:&lt;/p&gt;

&lt;ul&gt;
	&lt;li&gt;бетонная стяжка;&lt;/li&gt;
	&lt;li&gt;тротуарная плитка;&lt;/li&gt;
	&lt;li&gt;утрамбованный щебень (после снятия плодородного слоя);&lt;/li&gt;
	&lt;li&gt;деревянный настил (доска от 40 мм, лаги через 30–40 см).&lt;/li&gt;
&lt;/ul&gt;

&lt;h3&gt;❓ Почему стоит выбрать купель на дровах?&lt;/h3&gt;

&lt;ul&gt;
	&lt;li&gt;&lt;strong&gt;Тепло сразу и надолго&lt;/strong&gt;: утеплённое дно и термокрышка из экокожи сохраняют температуру воды, экономя дрова.&lt;/li&gt;
	&lt;li&gt;&lt;strong&gt;Надёжная дровяная печь Libespa (45 кВт)&lt;/strong&gt;: нержавеющая сталь не прогорит, мощности хватит даже в холодную погоду.&lt;/li&gt;
	&lt;li&gt;&lt;strong&gt;Эстетика и долговечность&lt;/strong&gt;: обшивка из лиственницы не боится влаги, выглядит благородно и служит десятилетиями.&lt;/li&gt;
	&lt;li&gt;&lt;strong&gt;Длительная гарантия&lt;/strong&gt;: 3 года на чашу и печь для частного использования — редкость для подобных товаров.&lt;/li&gt;
	&lt;li&gt;&lt;strong&gt;Готовность к эксплуатации&lt;/strong&gt;: купель почти не требует доработок, можно сразу пользоваться после установки.&lt;/li&gt;
&lt;/ul&gt;

&lt;p&gt;&lt;strong&gt;Купель на дровах&lt;/strong&gt; — это комфорт, экономия и стиль для вашей бани, сауны или SPA-зоны. Можно доукомплектовать гидромассажем, подсветкой и аксессуарами под ваш проект. Самовывоз или доставка по договорённости.&lt;/p&gt;",332000.0,20,Купель с подогревом для улицы,catalog/kupel-forto/kupel-dlya-bani-plastik-forto-6.webp,kupel-na-drovah-gotovoe-reshenie-dlya-ulicy-i-dachi
81,Купель для бани с электро подогревом &quot;Турно&quot;,"&lt;h4&gt;&lt;strong&gt;Купель с электро подогревом&lt;/strong&gt; — это удобное решение для тех, кто хочет пользоваться банной купелью не только летом, но и в прохладное время года. Электрический подогрев позволяет поддерживать комфортную температуру воды без растопки дровяной печи, дыма, золы и постоянного контроля огня.&lt;/h4&gt;

&lt;h2&gt;&lt;span style=&quot;color:#c0392b;&quot;&gt;Купель для бани с подогревом: в чём преимущества электрического нагрева&lt;/span&gt;&lt;/h2&gt;

&lt;p&gt;У купели с электро подогревом есть несколько важных преимуществ по сравнению с моделями без нагрева или с дровяной печью.&lt;/p&gt;

&lt;h3&gt;&lt;span style=&quot;color:#c0392b;&quot;&gt;1. Удобство использования&lt;/span&gt;&lt;/h3&gt;

&lt;p&gt;Не нужно заготавливать дрова, разжигать печь, следить за горением и убирать золу. Электрический нагрев делает эксплуатацию купели проще и комфортнее.&lt;/p&gt;

&lt;h3&gt;&lt;span style=&quot;color:#c0392b;&quot;&gt;2. Поддержание температуры&lt;/span&gt;&lt;/h3&gt;

&lt;p&gt;Электро подогрев помогает не только нагреть воду, но и поддерживать её температуру во время отдыха. Это особенно важно, если купелью пользуются несколько человек подряд или процедура длится долго.&lt;/p&gt;

&lt;h3&gt;&lt;span style=&quot;color:#c0392b;&quot;&gt;3. Чистота и безопасность участка&lt;/span&gt;&lt;/h3&gt;

&lt;p&gt;Нет открытого огня, дыма и сажи. Купель можно удобно разместить рядом с баней, на площадке, террасе или в зоне отдыха.&lt;/p&gt;

&lt;h3&gt;&lt;span style=&quot;color:#c0392b;&quot;&gt;4. Всесезонное использование&lt;/span&gt;&lt;/h3&gt;

&lt;p&gt;&lt;span style=&quot;color:#c0392b;&quot;&gt;Купель с подогревом&lt;/span&gt; подходит не только для летнего отдыха. При правильной эксплуатации её можно использовать весной, осенью и в прохладную погоду.&lt;/p&gt;

&lt;p&gt;&lt;span style=&quot;color:#2980b9;&quot;&gt;&lt;strong&gt;Характеристики и комплектация модели:&lt;/strong&gt;&lt;/span&gt;&lt;/p&gt;

&lt;p&gt;✅&amp;nbsp;&lt;strong&gt;Размеры:&lt;/strong&gt;&lt;/p&gt;

&lt;ul&gt;
	&lt;li&gt;
	&lt;p&gt;Внешние: 2000х2000х880 мм.&lt;/p&gt;
	&lt;/li&gt;
	&lt;li&gt;
	&lt;p&gt;Внутренние: 1800х1800х820 мм.&lt;/p&gt;
	&lt;/li&gt;
	&lt;li&gt;
	&lt;p&gt;Комфортная&amp;nbsp;глухая&amp;nbsp;полка&amp;nbsp;для сидения по кругу.&lt;/p&gt;
	&lt;/li&gt;
	&lt;li&gt;
	&lt;p&gt;Вес 120кг&lt;/p&gt;
	&lt;/li&gt;
	&lt;li&gt;
	&lt;p&gt;Объем 1200л&lt;/p&gt;
	&lt;/li&gt;
&lt;/ul&gt;

&lt;p&gt;✅&amp;nbsp;&lt;strong&gt;Материалы и оснащение:&lt;/strong&gt;&lt;/p&gt;

&lt;ul&gt;
	&lt;li&gt;
	&lt;p&gt;Прочная композитная чаша.&lt;/p&gt;
	&lt;/li&gt;
	&lt;li&gt;
	&lt;p&gt;Надёжный металлический каркас (чаша устанавливается на него).&lt;/p&gt;
	&lt;/li&gt;
	&lt;li&gt;
	&lt;p&gt;Организован донный слив с краном для удобства слива воды.&lt;/p&gt;
	&lt;/li&gt;
	&lt;li&gt;
	&lt;p&gt;Обшивка лиственница - прослужит долго.&lt;/p&gt;
	&lt;/li&gt;
	&lt;li&gt;
	&lt;p&gt;Электро нагрев 6кВТ (возможность&amp;nbsp;замены&amp;nbsp;на 3 - 15 кВт) Чем мощнее печь, тем быстрее нагрев воды. Расход по деньгам на нагрев тот же.&lt;/p&gt;
	&lt;/li&gt;
&lt;/ul&gt;

&lt;p&gt;&lt;strong&gt;🎨 Цвет на ваш выбор:&lt;/strong&gt;&lt;br /&gt;
В наличии и под заказ доступны популярные цвета RAL:&lt;/p&gt;

&lt;ul&gt;
	&lt;li&gt;
	&lt;p&gt;9003 (белый)&lt;/p&gt;
	&lt;/li&gt;
	&lt;li&gt;
	&lt;p&gt;6027 (бирюзовый)&lt;/p&gt;
	&lt;/li&gt;
	&lt;li&gt;
	&lt;p&gt;5012 (синий)&lt;/p&gt;
	&lt;/li&gt;
	&lt;li&gt;
	&lt;p&gt;7040 (светло-серый)&lt;/p&gt;
	&lt;/li&gt;
	&lt;li&gt;
	&lt;p&gt;7024 (темно-серый, графит)&lt;/p&gt;
	&lt;/li&gt;
&lt;/ul&gt;

&lt;p&gt;Цена&amp;nbsp;&lt;strong&gt;135 000 рублей&lt;/strong&gt;&amp;nbsp;(за чашу с каркасом).&lt;/p&gt;

&lt;p&gt;Крышка, гидро, аэро массаж, лестница и другие опции на выбор приобретаются отдельно (можем подобрать и предложить при необходимости).&lt;/p&gt;

&lt;h3&gt;Гарантия 36 месяцев на герметичность пластиковой чаши, 36 месяцев на дровяную печь для частного использования и 12 месяцев для коммерческого использования, на остальные комплектующие 12 месяцев со дня передачи &quot; Продукции&quot; Заказчику .&lt;/h3&gt;

&lt;p&gt;📦 При необходимости поможем с расчётом доставки до вашего адреса.&lt;/p&gt;

&lt;p&gt;📞 Звоните, пишите — консультируем по всем вопросам!&lt;/p&gt;",305000.0,20,Купель на метал каркасе Турно,catalog/kupel-turno/kupel-turno-s-elektro-podogrevom-05_800px_wm.webp,kupel-dlya-bani-s-elektro-podogrevom-turno
82,Холодная купель для бани &quot;Турно&quot; без подогрева,"&lt;h2&gt;Купить купель без подогрева с доставкой по России&lt;/h2&gt;

&lt;p&gt;Компания Плазар предлагает купели для бани, дачи и загородного отдыха с доставкой по всей России. Вы можете заказать холодную купель Турно и использовать ее как купель без подогрева, мини бассейн или зону охлаждения после парной.&lt;/p&gt;

&lt;p&gt;Перед покупкой можно уточнить характеристики, комплектацию, условия доставки и рекомендации по установке. Мы поможем подобрать подходящее решение под ваш участок, баню и сценарий использования.&lt;/p&gt;

&lt;h3&gt;&lt;strong&gt;Купель без подогрева Турно&lt;/strong&gt; — это простой, надежный и удобный способ сделать отдых после бани более полноценным, а летний сезон на даче — комфортнее.&lt;/h3&gt;

&lt;p&gt;&lt;span style=&quot;color:#2980b9;&quot;&gt;&lt;strong&gt;Характеристики и комплектация модели:&lt;/strong&gt;&lt;/span&gt;&lt;/p&gt;

&lt;p&gt;✅&amp;nbsp;&lt;strong&gt;Размеры:&lt;/strong&gt;&lt;/p&gt;

&lt;ul&gt;
	&lt;li&gt;
	&lt;p&gt;Внешние: 2000х2000х880 мм.&lt;/p&gt;
	&lt;/li&gt;
	&lt;li&gt;
	&lt;p&gt;Внутренние: 1800х1800х820 мм.&lt;/p&gt;
	&lt;/li&gt;
	&lt;li&gt;
	&lt;p&gt;Комфортная&amp;nbsp;глухая&amp;nbsp;полка&amp;nbsp;для сидения по кругу.&lt;/p&gt;
	&lt;/li&gt;
	&lt;li&gt;
	&lt;p&gt;Вес 120кг&lt;/p&gt;
	&lt;/li&gt;
	&lt;li&gt;
	&lt;p&gt;Объем 1200л&lt;/p&gt;
	&lt;/li&gt;
&lt;/ul&gt;

&lt;p&gt;✅&amp;nbsp;&lt;strong&gt;Материалы и оснащение:&lt;/strong&gt;&lt;/p&gt;

&lt;ul&gt;
	&lt;li&gt;
	&lt;p&gt;Прочная композитная чаша.&lt;/p&gt;
	&lt;/li&gt;
	&lt;li&gt;
	&lt;p&gt;Надёжный металлический каркас (чаша устанавливается на него).&lt;/p&gt;
	&lt;/li&gt;
	&lt;li&gt;
	&lt;p&gt;Организован донный слив с краном для удобства слива воды.&lt;/p&gt;
	&lt;/li&gt;
	&lt;li&gt;
	&lt;p&gt;Обшивка лиственница - прослужит долго.&lt;/p&gt;
	&lt;/li&gt;
&lt;/ul&gt;

&lt;p&gt;&lt;strong&gt;🎨 Цвет на ваш выбор:&lt;/strong&gt;&lt;br /&gt;
В наличии и под заказ доступны популярные цвета RAL:&lt;/p&gt;

&lt;ul&gt;
	&lt;li&gt;
	&lt;p&gt;9003 (белый)&lt;/p&gt;
	&lt;/li&gt;
	&lt;li&gt;
	&lt;p&gt;6027 (бирюзовый)&lt;/p&gt;
	&lt;/li&gt;
	&lt;li&gt;
	&lt;p&gt;5012 (синий)&lt;/p&gt;
	&lt;/li&gt;
	&lt;li&gt;
	&lt;p&gt;7040 (светло-серый)&lt;/p&gt;
	&lt;/li&gt;
	&lt;li&gt;
	&lt;p&gt;7024 (темно-серый, графит)&lt;/p&gt;
	&lt;/li&gt;
&lt;/ul&gt;

&lt;h4&gt;Цена&amp;nbsp;&lt;strong&gt;135 000 рублей&lt;/strong&gt;&amp;nbsp;(за чашу с каркасом, без отделки).&lt;/h4&gt;

&lt;p&gt;Крышка, гидро, аэро массаж, лестница и другие опции на выбор приобретаются отдельно (можем подобрать и предложить при необходимости).&lt;/p&gt;

&lt;h2&gt;Кому особенно подойдет холодная купель Турно&lt;/h2&gt;

&lt;ul&gt;
	&lt;li&gt;владельцам частных бань;&lt;/li&gt;
	&lt;li&gt;дачникам;&lt;/li&gt;
	&lt;li&gt;семьям для летнего отдыха;&lt;/li&gt;
	&lt;li&gt;владельцам гостевых домов;&lt;/li&gt;
	&lt;li&gt;банным комплексам;&lt;/li&gt;
	&lt;li&gt;базам отдыха;&lt;/li&gt;
	&lt;li&gt;тем, кто ищет мини бассейн на участок;&lt;/li&gt;
	&lt;li&gt;тем, кто хочет холодную купель после парной.&lt;/li&gt;
&lt;/ul&gt;

&lt;p&gt;Если вы хотите дополнить баню удобной зоной охлаждения, но не планируете греть воду, эта модель будет одним из самых рациональных решений.&lt;/p&gt;

&lt;h3&gt;Гарантия 36 месяцев на герметичность пластиковой чаши, 36 месяцев на дровяную печь для частного использования и 12 месяцев для коммерческого использования, на остальные комплектующие 12 месяцев со дня передачи &quot; Продукции&quot; Заказчику .&lt;/h3&gt;

&lt;p&gt;📦 Поможем с доставкой до вашего адреса.&lt;/p&gt;

&lt;p&gt;📞 Звоните, пишите — консультируем по всем вопросам!&lt;/p&gt;",165000.0,20,Купель на метал каркасе Турно,catalog/kupel-turno/kupel-turno-s-elektro-podogrevom-turno_800px_wm.webp,holodnaya-kupel-dlya-bani-turno-bez-podogreva
83,Купель для бани Турно с  внешней печью 25кВт на 4_6 человек,"&lt;p&gt;Купель Турно с внешней печью 25 кВт — быстрый нагрев воды до идеальной температуры за 60–90 минут.&lt;/p&gt;

&lt;p&gt;Идеально &lt;strong&gt;для частного дома или бани&lt;/strong&gt;, где важны тепло, надёжность и удобство.&lt;/p&gt;

&lt;p&gt;&lt;strong&gt;Внешняя печь из нержавеющей стали&lt;/strong&gt; не занимает место внутри чаши, не перегревает воду и не требует электричества — работает с любым топливом.&lt;/p&gt;

&lt;p&gt;Материал не ржавеет, служит десятилетиями и выдерживает резкие перепады температур.&lt;/p&gt;

&lt;p&gt;Композитная чаша вместимостью 1,2 м³ рассчитана на 4–6 человек.&lt;/p&gt;

&lt;p&gt;Удобная полка по периметру, утеплённая термо-крышка и отсутствие нагревательных элементов внутри делают использование безопасным и комфортным.&lt;/p&gt;

&lt;p&gt;Подходит для участков без электросети, дач, загородных домов и традиционных бань.&lt;/p&gt;

&lt;p&gt;Просто растопите — и уже через час наслаждайтесь паром. Производим с 2015 года. Гарантия на материалы и сборку. Можно посмотреть и протестировать до покупки.&lt;/p&gt;

&lt;p&gt;Напишите нам — пришлем фото реальных установок и уточним комплектацию.&lt;/p&gt;

&lt;p&gt;&amp;nbsp;&lt;/p&gt;

&lt;p&gt;&lt;strong&gt;Погрузитесь в мир настоящего релакса с композитной купелью для бани «Турно» от производителя Плазар (Plazar).&lt;/strong&gt;&lt;/p&gt;

&lt;p&gt;Это идеальное решение для тех, кто ценит банные традиции и современный комфорт. Купель рассчитана на компанию&amp;nbsp;&lt;strong&gt;от 4 до 6 человек&lt;/strong&gt;, что делает её прекрасным выбором для загородного дома, дачи или зоны отдыха при бане. Прочная композитная чаша на надежном металлическом каркасе сохраняет температуру воды и устойчива к перепадам температур, позволяя принимать как холодные, так и теплые водные процедуры круглый год.&lt;/p&gt;

&lt;p&gt;В комплект купели для бани входит мощная&amp;nbsp;&lt;strong&gt;внешняя печь из нержавеющей стали (45 кВт)&lt;/strong&gt;&amp;nbsp;с дымоходом, которая позволит быстро нагреть воду до комфортной температуры, создавая атмосферу уютной деревенской бани под открытым небом.&lt;/p&gt;

&lt;p&gt;&lt;strong&gt;Премиальные функции для вашего комфорта:&lt;/strong&gt;&lt;br /&gt;
Модель «Турно» может быть дооснащена современными системами для спа-процедур:&lt;/p&gt;

&lt;ul&gt;
	&lt;li&gt;
	&lt;p&gt;&lt;strong&gt;Гидро- и аэро массаж:&lt;/strong&gt;&amp;nbsp;10 форсунок и 12 джетов подарят незабываемый расслабляющий массаж, снимая усталость после трудного дня.&lt;/p&gt;
	&lt;/li&gt;
	&lt;li&gt;
	&lt;p&gt;&lt;strong&gt;Хромотерапия и подсветка:&lt;/strong&gt;&amp;nbsp;Встроенные светодиодные лампы и эффектная подсветка «Звёздный дождь» создадут волшебную атмосферу для вечерних водных процедур.&lt;/p&gt;
	&lt;/li&gt;
&lt;/ul&gt;

&lt;p&gt;&lt;strong&gt;В базовую комплектацию входит:&lt;/strong&gt;&lt;/p&gt;

&lt;ul&gt;
	&lt;li&gt;
	&lt;p&gt;Композитная чаша (наружный: 2000х880 мм, внутренний.: 1800х820 мм) с глухими полками для сидения.&lt;/p&gt;
	&lt;/li&gt;
	&lt;li&gt;
	&lt;p&gt;Донный слив с шаровым краном 50 мм.&lt;/p&gt;
	&lt;/li&gt;
	&lt;li&gt;
	&lt;p&gt;Обшивка из лиственницы с защитной пропиткой и утеплением.&lt;/p&gt;
	&lt;/li&gt;
	&lt;li&gt;
	&lt;p&gt;Внешняя печь 25 кВт (дымоход 2м, патрубки, колпак).&lt;/p&gt;
	&lt;/li&gt;
&lt;/ul&gt;

&lt;p&gt;Сделайте свой отдых по-настоящему роскошным с купелью «Турно»!&lt;/p&gt;

&lt;hr /&gt;
&lt;h3&gt;Характеристики и комплектации&lt;/h3&gt;

&lt;table&gt;
	&lt;thead&gt;
		&lt;tr&gt;
			&lt;th&gt;Параметр&lt;/th&gt;
			&lt;th&gt;Значение&lt;/th&gt;
		&lt;/tr&gt;
	&lt;/thead&gt;
	&lt;tbody&gt;
		&lt;tr&gt;
			&lt;td colspan=&quot;2&quot;&gt;&lt;strong&gt;Общие характеристики&lt;/strong&gt;&lt;/td&gt;
		&lt;/tr&gt;
		&lt;tr&gt;
			&lt;td&gt;Производитель&lt;/td&gt;
			&lt;td&gt;Плазар (Plazar)&lt;/td&gt;
		&lt;/tr&gt;
		&lt;tr&gt;
			&lt;td&gt;Тип&lt;/td&gt;
			&lt;td&gt;Композитная купель&lt;/td&gt;
		&lt;/tr&gt;
		&lt;tr&gt;
			&lt;td&gt;Форма&lt;/td&gt;
			&lt;td&gt;Круглая&lt;/td&gt;
		&lt;/tr&gt;
		&lt;tr&gt;
			&lt;td&gt;Вместимость&lt;/td&gt;
			&lt;td&gt;4-6 человек&lt;/td&gt;
		&lt;/tr&gt;
		&lt;tr&gt;
			&lt;td&gt;Назначение&lt;/td&gt;
			&lt;td&gt;Для бани, сауны, спа, зоны отдыха&lt;/td&gt;
		&lt;/tr&gt;
		&lt;tr&gt;
			&lt;td&gt;Применение&lt;/td&gt;
			&lt;td&gt;Холодные и теплые водные процедуры&lt;/td&gt;
		&lt;/tr&gt;
		&lt;tr&gt;
			&lt;td colspan=&quot;2&quot;&gt;&lt;strong&gt;Габариты и вес&lt;/strong&gt;&lt;/td&gt;
		&lt;/tr&gt;
		&lt;tr&gt;
			&lt;td&gt;Наружный размер (Высота х Диаметр)&lt;/td&gt;
			&lt;td&gt;880 х 2000 мм&lt;/td&gt;
		&lt;/tr&gt;
		&lt;tr&gt;
			&lt;td&gt;Внутренний размер (Высота х Диаметр)&lt;/td&gt;
			&lt;td&gt;820 х 1800 мм&lt;/td&gt;
		&lt;/tr&gt;
		&lt;tr&gt;
			&lt;td&gt;Объем чаши&lt;/td&gt;
			&lt;td&gt;1,2&amp;nbsp;м³&lt;/td&gt;
		&lt;/tr&gt;
		&lt;tr&gt;
			&lt;td&gt;Вес&lt;/td&gt;
			&lt;td&gt;150 кг&lt;/td&gt;
		&lt;/tr&gt;
		&lt;tr&gt;
			&lt;td colspan=&quot;2&quot;&gt;&lt;strong&gt;Материалы и конструкция&lt;/strong&gt;&lt;/td&gt;
		&lt;/tr&gt;
		&lt;tr&gt;
			&lt;td&gt;Материал чаши&lt;/td&gt;
			&lt;td&gt;Композитные материалы&lt;/td&gt;
		&lt;/tr&gt;
		&lt;tr&gt;
			&lt;td&gt;Каркас&lt;/td&gt;
			&lt;td&gt;Металлический&lt;/td&gt;
		&lt;/tr&gt;
		&lt;tr&gt;
			&lt;td&gt;Обшивка&lt;/td&gt;
			&lt;td&gt;Лиственница с пропиткой, прослужит долго&lt;/td&gt;
		&lt;/tr&gt;
		&lt;tr&gt;
			&lt;td&gt;Полки&lt;/td&gt;
			&lt;td&gt;Глухие полки для сидения по кругу&lt;/td&gt;
		&lt;/tr&gt;
		&lt;tr&gt;
			&lt;td&gt;Тип печи в комплекте&lt;/td&gt;
			&lt;td&gt;Внешняя, на дровах (нержавеющая сталь)&lt;/td&gt;
		&lt;/tr&gt;
		&lt;tr&gt;
			&lt;td&gt;Мощность печи&lt;/td&gt;
			&lt;td&gt;25 кВт&lt;/td&gt;
		&lt;/tr&gt;
		&lt;tr&gt;
			&lt;td&gt;Комплект печи&lt;/td&gt;
			&lt;td&gt;Дымоход, токарные выпуски, патрубки, колпак&lt;/td&gt;
		&lt;/tr&gt;
		&lt;tr&gt;
			&lt;td&gt;Слив&lt;/td&gt;
			&lt;td&gt;Донный слив с краном 50 мм ПВХ шаровой&lt;/td&gt;
		&lt;/tr&gt;
		&lt;tr&gt;
			&lt;td colspan=&quot;2&quot;&gt;&lt;b&gt;Доп. оснащение&lt;/b&gt;&lt;/td&gt;
		&lt;/tr&gt;
		&lt;tr&gt;
			&lt;td&gt;Гидро массаж&lt;/td&gt;
			&lt;td&gt;10 форсунок&lt;/td&gt;
		&lt;/tr&gt;
		&lt;tr&gt;
			&lt;td&gt;Аэро массаж&lt;/td&gt;
			&lt;td&gt;12 джетов&lt;/td&gt;
		&lt;/tr&gt;
		&lt;tr&gt;
			&lt;td&gt;Подсветка&lt;/td&gt;
			&lt;td&gt;Хромо-терапия (2 лампы), «Звёздный дождь»&lt;/td&gt;
		&lt;/tr&gt;
		&lt;tr&gt;
			&lt;td colspan=&quot;2&quot;&gt;&lt;strong&gt;Дополнительная возможная комплектация&lt;/strong&gt;&lt;/td&gt;
		&lt;/tr&gt;
		&lt;tr&gt;
			&lt;td&gt;Варианты нагрева (на выбор)&lt;/td&gt;
			&lt;td&gt;Внешняя печь 25/45/70 кВт; Электронагрев 6/9/12/15 кВт&lt;/td&gt;
		&lt;/tr&gt;
		&lt;tr&gt;
			&lt;td&gt;Аксессуары (на выбор)&lt;/td&gt;
			&lt;td&gt;Лестница с поручнями, термометр, подстаканник, защитный тент-чехол&lt;/td&gt;
		&lt;/tr&gt;
		&lt;tr&gt;
			&lt;td&gt;Термо-крышка&lt;/td&gt;
			&lt;td&gt;Термо-крышка 80 мм (эко-кожа)&lt;/td&gt;
		&lt;/tr&gt;
		&lt;tr&gt;
			&lt;td&gt;Лестница&lt;/td&gt;
			&lt;td&gt;Приставная деревянная 2 ступени 600х600х600мм&lt;/td&gt;
		&lt;/tr&gt;
		&lt;tr&gt;
			&lt;td&gt;Лестница&lt;/td&gt;
			&lt;td&gt;Приставная деревянная 3 ступени м поручнями 580х800х900/1500мм&lt;/td&gt;
		&lt;/tr&gt;
	&lt;/tbody&gt;
&lt;/table&gt;

&lt;h3&gt;Варианты комплектации (Блок &quot;Аксессуары и доп. оборудование&quot;)&lt;/h3&gt;

&lt;p&gt;&lt;em&gt;Выберите подходящий способ нагрева и дополнительные аксессуары для вашей купели:&lt;/em&gt;&lt;/p&gt;

&lt;ul&gt;
	&lt;li&gt;
	&lt;p&gt;Нагрев воды: Внешняя печь (25, 45 или 70 кВт) / Электронагрев (6-15 кВт).&lt;/p&gt;
	&lt;/li&gt;
	&lt;li&gt;
	&lt;p&gt;Лестница деревянная с поручнями (3 ступени).&lt;/p&gt;
	&lt;/li&gt;
	&lt;li&gt;
	&lt;p&gt;Электрический термометр.&lt;/p&gt;
	&lt;/li&gt;
	&lt;li&gt;
	&lt;p&gt;Приставная деревянная ступень (500х300х350 мм).&lt;/p&gt;
	&lt;/li&gt;
	&lt;li&gt;
	&lt;p&gt;Защитный тент-чехол (диаметр 2000 мм).&lt;/p&gt;
	&lt;/li&gt;
	&lt;li&gt;
	&lt;p&gt;Термо-крышка толщиной 80 мм (эко-кожа) для сохранения тепла.&lt;/p&gt;
	&lt;/li&gt;
&lt;/ul&gt;",255000.0,20,Турно 4-6 чел. 2м. наруж. печь 25квт,catalog/kupel-turno/kupeli-s-podogrevom-0249_800px.webp,kupel-dlya-bani-turno-s-vneshnej-pechjyu-25kvt-na-4-6-chelovek
84,Холодная купель Plazar ПП 1800мм,"&lt;h2&gt;Холодная купель для бани и летний отдых в мини бассейне&lt;/h2&gt;

&lt;p&gt;&lt;b&gt;Холодная купель&lt;/b&gt; — это идеальное решение для любителей бани и контрастных процедур. Резкое охлаждение после парной закаляет организм, тонизирует сосуды и дарит незабываемые ощущения. Наша купель с холодной водой — это готовое решение для вашего участка, которое не требует сложного монтажа и долгого ожидания.&lt;/p&gt;

&lt;p&gt;А в &lt;b&gt;летний период&lt;/b&gt; она превращается в настоящий &lt;b&gt;мини-бассейн&lt;/b&gt;, принося море радости детишкам! Пусть дети весело плещутся в прохладной воде, пока вы отдыхаете после парилки или занимаетесь делами по хозяйству. Это безопасная и удобная альтернатива громоздким надувным бассейнам.&lt;/p&gt;

&lt;p&gt;В базовую комплектацию входит:&lt;/p&gt;

&lt;ul&gt;
	&lt;li&gt;&lt;b&gt;Полипропиленовая чаша&lt;/b&gt; на 2–4 человек с утепленным дном и донным сливом (внешний размер 1800×1250 мм, внутренний 1600×1150 мм).&lt;/li&gt;
	&lt;li&gt;&lt;b&gt;Обшивка из лиственницы&lt;/b&gt; (цвет: орех/палисандр) с утеплением.&lt;/li&gt;
&lt;/ul&gt;

&lt;p&gt;&lt;span style=&quot;color:#3498db;&quot;&gt;&lt;b&gt;Стоимость комплекта:&lt;/b&gt; 144 000 ₽ &lt;/span&gt;&lt;/p&gt;

&lt;p&gt;&lt;span style=&quot;color:#3498db;&quot;&gt;&lt;b&gt;Цена за наличный расчет:&lt;/b&gt; 136 800 ₽&lt;/span&gt;&lt;/p&gt;

&lt;h3&gt;&lt;span style=&quot;color:#c0392b;&quot;&gt;Желательно доукомплектовать:&lt;/span&gt;&lt;/h3&gt;

&lt;ul&gt;
	&lt;li&gt;&lt;b&gt;Термо крышка&lt;/b&gt; из эко кожи (цвет: серый/коричневый).&lt;/li&gt;
	&lt;li&gt;&lt;b&gt;Лестница деревянная&lt;/b&gt; (3 ступени с поручнями, размер 580×800×900/1500 мм).&lt;/li&gt;
&lt;/ul&gt;

&lt;p&gt;&amp;nbsp;&lt;/p&gt;

&lt;h3&gt;&lt;span style=&quot;color:#c0392b;&quot;&gt;Расширьте функционал вашей купели&lt;/span&gt;&lt;/h3&gt;

&lt;p&gt;Вы можете доукомплектовать вашу холодную купель дополнительными опциями для максимального комфорта:&lt;/p&gt;

&lt;ul&gt;
	&lt;li&gt;&lt;b&gt;Нагрев воды:&lt;/b&gt;

	&lt;ul&gt;
		&lt;li&gt;Внешняя дровяная печь (25 кВт, нерж. сталь) — 90 000 ₽&lt;/li&gt;
		&lt;li&gt;Внешняя дровяная печь (45 кВт, нерж. сталь) — 105 000 ₽&lt;/li&gt;
		&lt;li&gt;Внешняя дровяная печь (70 кВт, нерж. сталь) — 205 000 ₽&lt;/li&gt;
		&lt;li&gt;Внешняя дровяная печь (45 кВт, алюминий) — 75 000 ₽&lt;/li&gt;
		&lt;li&gt;Комплект электро нагрева (3 кВт) — 90 000 ₽&lt;/li&gt;
		&lt;li&gt;Комплект электро нагрева (6 кВт) — 95 000 ₽&lt;/li&gt;
	&lt;/ul&gt;
	&lt;/li&gt;
	&lt;li&gt;&lt;b&gt;Массаж и релакс:&lt;/b&gt;
	&lt;ul&gt;
		&lt;li&gt;Гидро-аэро массаж (10 форсунок) — 75 000 ₽&lt;/li&gt;
		&lt;li&gt;Аэро массаж (12 джетов) — 49 000 ₽&lt;/li&gt;
		&lt;li&gt;Хромотерапия (2 светодиодные лампы, 4 цвета свечения) — 24 000 ₽&lt;/li&gt;
		&lt;li&gt;Подсветка «Звездный дождь» (8 джетов) — 26 000 ₽&lt;/li&gt;
	&lt;/ul&gt;
	&lt;/li&gt;
	&lt;li&gt;&lt;b&gt;Аксессуары:&lt;/b&gt;
	&lt;ul&gt;
		&lt;li&gt;Термометр электрический — 10 000 ₽&lt;/li&gt;
		&lt;li&gt;Подстаканник деревянный — 6 000 ₽&lt;/li&gt;
		&lt;li&gt;Защитный тент-чехол (высота 1100 мм) — 22 000 ₽&lt;/li&gt;
		&lt;li&gt;Подъемный механизм для термо крышки — 41 000 ₽&lt;/li&gt;
	&lt;/ul&gt;
	&lt;/li&gt;
&lt;/ul&gt;

&lt;h4&gt;Почему стоит купить холодную купель у нас?&lt;/h4&gt;

&lt;ol start=&quot;1&quot;&gt;
	&lt;li&gt;&lt;b&gt;Готовность к использованию.&lt;/b&gt; Изделие поставляется в собранном виде. Вам не нужно ждать высыхания бетона или заливки чаши на месте.&lt;/li&gt;
	&lt;li&gt;&lt;b&gt;Надежность.&lt;/b&gt; Утепленное дно позволяет использовать купель круглогодично. Полипропилен устойчив к перепадам температур и механическим повреждениям.&lt;/li&gt;
	&lt;li&gt;&lt;b&gt;Эстетика и долговечность.&lt;/b&gt; Обшивка из лиственницы не боится влаги, не гниет и со временем становится только крепче.&lt;/li&gt;
	&lt;li&gt;&lt;b&gt;Простота обслуживания.&lt;/b&gt;&amp;nbsp;&lt;/li&gt;
&lt;/ol&gt;

&lt;h3&gt;Важная информация по установке и гарантии&lt;/h3&gt;

&lt;p&gt;Для установки холодной купели необходимо подготовить ровное и жесткое основание. Это может быть:&lt;/p&gt;

&lt;ul&gt;
	&lt;li&gt;Бетонная стяжка;&lt;/li&gt;
	&lt;li&gt;Тротуарная плитка;&lt;/li&gt;
	&lt;li&gt;Утрамбованный щебень мелкой фракции (5-20 мм). Для этого необходимо снять плодородный слой почвы и тщательно уплотнить основание;&lt;/li&gt;
	&lt;li&gt;Деревянный настил (толщина доски не менее 4 см, расстояние между лагами желательно 30–40 см).&lt;/li&gt;
&lt;/ul&gt;

&lt;h3&gt;Мы уверены в качестве нашей продукции и предоставляем расширенную гарантию:&lt;/h3&gt;

&lt;ul&gt;
	&lt;li&gt;&lt;b&gt;36 месяцев&lt;/b&gt; на герметичность пластиковой чаши.&lt;/li&gt;
	&lt;li&gt;&lt;b&gt;36 месяцев&lt;/b&gt; на дровяную печь для частного использования (и &lt;b&gt;12 месяцев&lt;/b&gt; для коммерческого).&lt;/li&gt;
	&lt;li&gt;&lt;b&gt;12 месяцев&lt;/b&gt; на все остальные комплектующие со дня передачи продукции заказчику.&lt;/li&gt;
&lt;/ul&gt;

&lt;p&gt;Закажите свою &lt;strong&gt;идеальную холодную купель прямо сейчас&lt;/strong&gt; и наслаждайтесь здоровьем и бодростью круглый год!&lt;/p&gt;

&lt;p&gt;📌 Добавьте в избранное (Ctrl+D) ❤️, чтоб не потерять!&amp;nbsp;&lt;/p&gt;",144000.0,20,Холодная купель Plazar ПП 1800мм,catalog/PPR/kupel-dlya-bani-plastik-36.webp,holodnaya-kupel-plazar-pp-1800mm
